// Code generated by tools/gen-cldr; see SPECS/50-cldr-data.md#cldr-pin-rationale; DO NOT EDIT.

// Source: CLDR v48.1.0 / ICU 78 / tzdata 2025b (input hashes in internal/cldr/locale/manifest.go)
// Generated: reproducible from tools/gen-cldr with pinned inputs; no timestamps or machine-local paths
// Schema: SPECS/50-cldr-data.md#cldr-data-package-convention
package number

const _data = "" +
	"latn,\u00a0%+-NaN∞~–‰E×:#,##0.####,##0%#E0accounting¤#,##0.0" +
	"0;(¤#,##0.00)standard¤#,##0.00other{0} {1}longone0 duisend00 d" +
	"uisend000 duisend0 miljoen00 miljoen000 miljoen0 miljard00 milja" +
	"rd000 miljard0 biljoen00 biljoen000 biljoenshort0\u00a0k00\u00a0k000\u00a0k0" +
	"\u00a0m00\u00a0m000\u00a0m0\u00a0mjd00\u00a0mjd000\u00a0mjd0\u00a0bn00\u00a0bn000\u00a0bn.በቁጥ\xe1" +
	"\x88\xad\u00a0ሊገለጽ\u00a0የማይችል0 ሺ00 ሺ000 ሺ0 ሚሊዮ\xe1\x8a" +
	"\x9500 ሚሊዮን000 ሚሊዮን0 ቢሊዮን00 ቢሊዮን000" +
	" ቢሊዮን0 ትሪሊዮን00 ትሪሊዮን000 ትሪሊዮ" +
	"ን0\u00a0ሺ00\u00a0ሺ000\u00a0ሺ0\u00a0ሚ00\u00a0ሚ000\u00a0ሚ0\u00a0ቢ00\u00a0ቢ000\u00a0\xe1" +
	"\x89\xa20\u00a0ት00\u00a0ት000\u00a0ት\u200e%\u200e\u200e+\u200e-ليس\u00a0رقمًا\u061c#,##0." +
	"00¤;(\u061c#,##0.00¤)\u200f#,##0.00\u00a0¤;\u200f-#,##0.00\u00a0¤few0 آلاف" +
	"many0 ألفtwozero00 ألف000 ألف0 ملايين0 مليون" +
	"00 ملايين00 مليون000 مليون0 مليار00 ملي\xd8" +
	"\xa7ر000 مليار0 ترليون00 ترليون000 ترليون0\xc2" +
	"\xa0آلاف0\u00a0ألف00\u00a0ألف000\u00a0ألف0\u00a0مليون00\u00a0مليو" +
	"ن000\u00a0مليون0\u00a0مليار00\u00a0مليار000\u00a0مليار0\u00a0ت" +
	"رليون00\u00a0ترليون000\u00a0ترليونarab٫٬٪\u061c\u061c+\u061c-؉\xd8" +
	"\xa3س\u200f#,##0.00\u00a0¤٪#,##0.00\u00a0¤0 min00 min000 min0 milyon00 mil" +
	"yon000 milyon0 milyard00 milyard000 milyard0 trilyon00 trilyon00" +
	"0 trilyon0K00K000K0\u00a0mln00\u00a0mln000\u00a0mln0\u00a0mlrd00\u00a0mlrd000\u00a0mlrd0" +
	"\u00a0trln00\u00a0trln000\u00a0trln≈#,##0\u00a0%0 тысячы0 тысяч0 т" +
	"ысяча00 тысячы00 тысяч00 тысяча000 тыс\xd1" +
	"\x8fчы000 тысяч000 тысяча0 мільёны0 мільё\xd0" +
	"\xbdаў0 мільён0 мільёна00 мільёны00 міль\xd1" +
	"\x91наў00 мільён00 мільёна000 мільёны000 м\xd1" +
	"\x96льёнаў000 мільён000 мільёна0 мільярд\xd1" +
	"\x8b0 мільярдаў0 мільярд0 мільярда00 міл" +
	"ьярды00 мільярдаў00 мільярд00 мільяр\xd0" +
	"\xb4а000 мільярды000 мільярдаў000 мільярд0" +
	"00 мільярда0 трыльёны0 трыльёнаў0 тр\xd1" +
	"\x8bльён0 трыльёна00 трыльёны00 трыльён\xd0" +
	"\xb0ў00 трыльён00 трыльёна000 трыльёны000 \xd1" +
	"\x82рыльёнаў000 трыльён000 трыльёна0\u00a0тыс" +
	"'.'00\u00a0тыс'.'000\u00a0тыс'.'0\u00a0млн00\u00a0млн000\u00a0млн0\u00a0\xd0" +
	"\xbcлрд00\u00a0млрд000\u00a0млрд0\u00a0трлн00\u00a0трлн000\u00a0тр" +
	"лн#,##0.00\u00a0¤;(#,##0.00\u00a0¤)0 хил'.'0 хиляди00 хи\xd0" +
	"\xbbяди000 хиляди0 милион0 милиона00 мили" +
	"она000 милиона0 милиард0 милиарда00 м\xd0" +
	"\xb8лиарда000 милиарда0 трилион0 трилио\xd0" +
	"\xbdа00 трилиона000 трилиона0\u00a0хил'.'00\u00a0хил" +
	"'.'000\u00a0хил'.'0\u00a0млн'.'00\u00a0млн'.'000\u00a0млн'.'0\u00a0мл\xd1" +
	"\x80д'.'00\u00a0млрд'.'000\u00a0млрд'.'0\u00a0трлн'.'00\u00a0трлн'" +
	".'000\u00a0трлн'.'beng#,##,##0.####,##,##0%#,##,##0.00¤;(#,##,#" +
	"#0.00¤)#,##,##0.00¤0 হাজার00 হাজার0 লা" +
	"খ00 লাখ0 কোটি00 কোটি000 কোটি0000" +
	" কোটি00000 কোটি0 লাখ কোটি00 লা" +
	"খ কোটি000 লাখ কোটি0\u00a0হা00\u00a0হা0\u00a0" +
	"লা00\u00a0লা0\u00a0কো00\u00a0কো000\u00a0কো0\u00a0শত\u00a0কো0" +
	"শত\u00a0কো0কো0\u00a0লা'.'কো'.'00\u00a0লা'.'কো'.'" +
	"000\u00a0লা'.'কো'.'¤#,##,##0.00;(¤#,##,##0.00)¤#,##,##0.0" +
	"00 miler0 milers00 milers000 milers0 milió0 milions00 milions00" +
	"0 milions0 miler de milions0 milers de milions00 milers de milio" +
	"ns000 milers de milions0 bilió0 bilions00 bilions000 bilions0\u00a0" +
	"M00\u00a0M000\u00a0M0000\u00a0M00\u00a0kM000\u00a0kM0\u00a0B00\u00a0B000\u00a0B0 tisíce0 tisíc" +
	"00 tisíc00 tisíce000 tisíc000 tisíce0 miliony0 milionu0 mili" +
	"on0 milionů00 milionů00 milionu000 milionů000 milionu0 miliar" +
	"dy0 miliarda0 miliard00 miliard00 miliardy000 miliard000 miliard" +
	"y0 biliony0 bilionu0 bilion0 bilionů00 bilionů00 bilionu000 bi" +
	"lionů000 bilionu0\u00a0tis'.'00\u00a0tis'.'000\u00a0tis'.'0\u00a0mil'.'00\u00a0mil'" +
	".'000\u00a0mil'.'0\u00a0mld'.'00\u00a0mld'.'000\u00a0mld'.'0\u00a0bil'.'00\u00a0bil'.'00" +
	"0\u00a0bil'.'0 mil00 mil000 mil0 miliwn00 miliwn000 miliwn0 biliwn00" +
	" biliwn000 biliwn0 triliwn00 triliwn000T000 triliwn0M00M000M0B00" +
	"B000B0T00T0 tusind00 tusind000 tusind0 million0 millioner00 mill" +
	"ioner000 millioner0 milliard0 milliarder00 milliarder000 milliar" +
	"der0 billion0 billioner00 billioner000 billioner0\u00a0t00\u00a0t000\u00a0t0" +
	"\u00a0mio'.'00\u00a0mio'.'000\u00a0mio'.'0\u00a0mia'.'00\u00a0mia'.'000\u00a0mia'.'0\u00a0bi" +
	"o'.'00\u00a0bio'.'000\u00a0bio'.'·0 Tausend00 Tausend000 Tausend0 Milli" +
	"on0 Millionen00 Millionen000 Millionen0 Milliarde0 Milliarden00 " +
	"Milliarden000 Milliarden0 Billion0 Billionen00 Billionen000 Bill" +
	"ionen00\u00a0Mio'.'00\u00a0Mio'.'000\u00a0Mio'.'0\u00a0Mrd'.'00\u00a0Mrd'.'000\u00a0Mrd'" +
	".'0\u00a0Bio'.'00\u00a0Bio'.'000\u00a0Bio'.'¤\u00a0#,##0.00e0 χιλιάδα0 \xcf" +
	"\x87ιλιάδες00 χιλιάδες000 χιλιάδες0 εκατ" +
	"ομμύριο0 εκατομμύρια00 εκατομμύρια0" +
	"00 εκατομμύρια0 δισεκατομμύριο0 δισ\xce" +
	"\xb5κατομμύρια00 δισεκατομμύρια000 δισε" +
	"κατομμύρια0 τρισεκατομμύριο0 τρισε" +
	"κατομμύρια00 τρισεκατομμύρια000 τρι\xcf" +
	"\x83εκατομμύρια0\u00a0χιλ'.'00\u00a0χιλ'.'000\u00a0χιλ'.'0\xc2" +
	"\xa0εκ'.'00\u00a0εκ'.'000\u00a0εκ'.'0\u00a0δισ'.'00\u00a0δισ'.'000\u00a0δ\xce" +
	"\xb9σ'.'0\u00a0τρισ'.'00\u00a0τρισ'.'000\u00a0τρισ'.'0 thousand00 " +
	"thousand000 thousand00 million000 million00 billion000 billion0 " +
	"trillion00 trillion000 trillion0k00k000k0m00m000m0bn00bn000bn0tn" +
	"00tn000tn0 millón0 millones00 millones000 millones0 mil millone" +
	"s00 mil millones000 mil millones0 billón0 billones00 billones00" +
	"0 billones0\u00a0mil00\u00a0mil000\u00a0mil00\u00a0mil\u00a0M000\u00a0mil\u00a0M0\u00a0K−‒×" +
	"10^0 tuhat00 tuhat000 tuhat0 miljon0 miljonit00 miljonit000 milj" +
	"onit0 miljardit00 miljardit000 miljardit0 triljon0 triljonit00 t" +
	"riljonit000 triljonit0\u00a0tuh00\u00a0tuh000\u00a0tuh0\u00a0mld00\u00a0mld000\u00a0mld%" +
	"\u00a0#,##00 milioi00 milioi000 milioi0000 milioi00000 milioi000000 " +
	"milioi0 bilioi00 bilioi000 bilioi00000\u00a0M000000\u00a0Marabext\u200e−\xd9" +
	"\x86اعدد×۱۰^\u200e¤\u00a0#,##0.00;\u200e(¤\u00a0#,##0.00)\u200e¤#,##0.00\xe2\x80" +
	"\x8e¤\u00a0#,##0.000 هزار00 هزار000 هزار0 میلیون00 \xd9" +
	"\x85یلیون000 میلیون0 میلیارد00 میلیارد000 " +
	"میلیارد0 هزارمیلیارد00 هزارمیلیارد0" +
	"00 هزارمیلیارد0\u00a0هزار00\u00a0هزار000\u00a0هزار0\u00a0" +
	"میلیون00\u00a0میلیون000\u00a0میلیون0\u00a0میلیارد00" +
	"\u00a0میلیارد000\u00a0میلیارد0\u00a0تریلیون00\u00a0تریل" +
	"یون000\u00a0تریلیونepäluku0 tuhatta00 tuhatta000 tuhatta0" +
	" miljoona0 miljoonaa00 miljoonaa000 miljoonaa0 miljardi0 miljard" +
	"ia00 miljardia000 miljardia0 biljoona0 biljoonaa00 biljoonaa000 " +
	"biljoonaa0\u00a0t'.'00\u00a0t'.'000\u00a0t'.'0\u00a0milj'.'00\u00a0milj'.'000\u00a0milj'" +
	".'0\u00a0mrd'.'00\u00a0mrd'.'000\u00a0mrd'.'0\u00a0bilj'.'00\u00a0bilj'.'000\u00a0bilj'." +
	"'0 libo0 na libo00 libo00 na libo000 libo000 na libo0 na milyon0" +
	"0 na milyon000 na milyon0 bilyon0 na bilyon00 bilyon00 na bilyon" +
	"000 bilyon000 na bilyon0 na trilyon00 na trilyon000 na trilyon\xe2\x80" +
	"\xaf≃1mille0 millier0 mille00 mille000 mille0 millions00 millions" +
	"000 millions0 milliards00 milliard00 milliards000 milliard000 mi" +
	"lliards0 billions00 billions000 billions0\u00a0Md00\u00a0Md000\u00a0Md0\u00a0Bn0" +
	"0\u00a0Bn000\u00a0Bn{0}\u00a0{1}0\u00a0G00\u00a0G000\u00a0G0\u00a0T00\u00a0T000\u00a0TNuimh0 mhíle0" +
	" míle00 míle000 míle0 mhilliún0 milliún00 milliún000 milli" +
	"ún0 bhilliún0 mbilliún0 billiún00 billiún00 mbilliún000 bi" +
	"lliún0 thrilliún0 dtrilliún0 trilliún00 trilliún00 dtrilli\xc3" +
	"\xban000 trilliún0 millóns00 millóns000 millóns0000 millóns000" +
	"00 millóns000000 millóns0 billóns00 billóns000 billóns[#E0]" +
	"0 હજાર00 હજાર0 લાખ00 લાખ0 કરો\xe0" +
	"\xaa\xa100 કરોડ0 અબજ00 અબજ0 નિખર્વ0 \xe0\xaa" +
	"\xaeહાપદ્મ0 શંકુ0 જલધિ0\u00a0હજાર00" +
	"\u00a0હજાર0\u00a0લાખ00\u00a0લાખ0\u00a0કરોડ00\u00a0કર" +
	"ોડ0\u00a0અબજ00\u00a0અબજ0\u00a0નિખર્વ0\u00a0મહા" +
	"પદ્મ0\u00a0શંકુ0\u00a0જલધિ\u200f#,##0.00\u00a0\u200f¤;\u200f" +
	"-#,##0.00\u00a0\u200f¤\u200f0 אלף\u200f00 אלף\u200f000 אלף\u200f0 מיל\xd7" +
	"\x99ון\u200f00 מיליון\u200f000 מיליון\u200f0 מיליארד\u200f" +
	"00 מיליארד\u200f000 מיליארד\u200f0 טריליון\u200f00 \xd7" +
	"\x98ריליון\u200f000 טריליון0K\u200f00K\u200f000K\u200f0M\u200f00M\u200f0" +
	"00M\u200f0B\u200f00B\u200f000B\u200f0T\u200f00T\u200f000T\u200f0 हज़ार00 \xe0\xa4" +
	"\xb9ज़ार0 लाख00 लाख0 करोड़00 कर\xe0\xa5" +
	"\x8bड़0 अरब00 अरब0 खरब00 खरब000 खर\xe0" +
	"\xa4\xac0000 खरब0\u00a0हज़ार00\u00a0हज़ार0\u00a0ला\xe0\xa4" +
	"\x9600\u00a0लाख0\u00a0क॰00\u00a0क॰0\u00a0अ॰00\u00a0अ॰0\u00a0ख॰00\xc2" +
	"\xa0ख॰0\u00a0नील00\u00a0नील0 tisuće0 tisuća00 tisuće00 t" +
	"isuća000 tisuće000 tisuća0 milijuna0 milijun00 milijuna00 mil" +
	"ijun000 milijuna000 milijun0 milijarde0 milijarda0 milijardi00 m" +
	"ilijarde00 milijarda00 milijardi000 milijarde000 milijarda000 mi" +
	"lijardi0 bilijuna0 bilijun00 bilijuna00 bilijun000 bilijuna000 b" +
	"ilijun0\u00a0mlr'.'00\u00a0mlr'.'000\u00a0mlr'.'0 ezer00 ezer000 ezer0 milli" +
	"ó00 millió000 millió0 milliárd00 milliárd000 milliárd0 bil" +
	"lió00 billió000 billió0\u00a0E00\u00a0E000\u00a0E0\u00a0Mrd00\u00a0Mrd000\u00a0MrdՈ\xd5" +
	"\xb9Թ0 հազար00 հազար000 հազար0 միլիոն00 մի\xd5" +
	"\xacիոն000 միլիոն0 միլիարդ00 միլիարդ000 մի" +
	"լիարդ0 տրիլիոն00 տրիլիոն000 տրիլիոն0\u00a0" +
	"հզր00\u00a0հզր000\u00a0հզր0\u00a0մլն00\u00a0մլն000\u00a0մլն0\u00a0մլ" +
	"րդ00\u00a0մլրդ000\u00a0մլրդ0\u00a0տրլն00\u00a0տրլն000\u00a0տրլ\xd5" +
	"\xb60 ribu00 ribu000 ribu0 juta00 juta000 juta0 miliar00 miliar000 " +
	"miliar0 triliun00 triliun000 triliun0\u00a0rb00\u00a0rb000\u00a0rb0\u00a0jt00\u00a0j" +
	"t000\u00a0jt0 þúsund00 þúsund000 þúsund0 milljón0 milljónir0" +
	"0 milljón00 milljónir000 milljón000 milljónir0 milljarður0 " +
	"milljarðar00 milljarður00 milljarðar000 milljarður000 millja" +
	"rðar0 billjón0 billjónir00 billjón00 billjónir000 billjón0" +
	"00 billjónir0\u00a0þ'.'00\u00a0þ'.'000\u00a0þ'.'0\u00a0m'.'00\u00a0m'.'000\u00a0m'.'" +
	"0\u00a0ma'.'00\u00a0ma'.'000\u00a0ma'.'0 mila00 mila000 mila0 milione0 milio" +
	"ni00 milioni000 milioni0 miliardo0 miliardi00 miliardi000 miliar" +
	"di0 mille miliardi0 mila miliardi00 mila miliardi000 mila miliar" +
	"di0\u00a0Mln00\u00a0Mln000\u00a0Mln0\u00a0Mld00\u00a0Mld000\u00a0Mld0\u00a0Bln00\u00a0Bln000\u00a0Bl" +
	"n約～{0}{1}0万00万000万0000万0億00億000億0000億0兆00\xe5" +
	"\x85\x86000兆0000兆0京00京000京0000京არ\u00a0არის\u00a0რ\xe1\x83" +
	"\x98ცხვი0 ათასი00 ათასი000 ათას" +
	"ი0 მილიონი00 მილიონი000 მილ\xe1" +
	"\x83\x98ონი0 მილიარდი00 მილიარდი" +
	"000 მილიარდი0 ტრილიონი00 ტრ\xe1" +
	"\x83\x98ლიონი000 ტრილიონი0\u00a0ათ'.'00\u00a0ა" +
	"თ'.'000\u00a0ათ'.'0\u00a0მლნ'.'00\u00a0მლნ'.'000\u00a0მლ\xe1\x83" +
	"\x9c'.'0\u00a0მლრდ'.'00\u00a0მლრდ'.'000\u00a0მლრ'.'0\u00a0ტ" +
	"რლ'.'00\u00a0ტრლ'.'000\u00a0ტრლ'.'сан\u00a0емес0 мы" +
	"ң00 мың000 мың0 миллион00 миллион000 мил" +
	"лион0 миллиард00 миллиард000 миллиар\xd0" +
	"\xb40 триллион00 триллион000 триллион0\u00a0м\xd1" +
	"\x8bң00\u00a0мың000\u00a0м'.'#,##0.00¤;(#,##0.00¤)#,##0.00¤0 ពា" +
	"ន់00 ពាន់000ពាន់0 លាន00 លាន000 \xe1" +
	"\x9e\x9bាន0 ប៊ីលាន00 ប៊ីលាន000 ប៊ី\xe1\x9e" +
	"\x9bាន0 ទ្រីលាន00 ទ្រីលាន000 ទ្" +
	"រីលាន0ពាន់00\u00a0ពាន់000\u00a0ពាន់0\u00a0" +
	"លាន00\u00a0លាន000\u00a0លាន0\u00a0ប៊ីលាន00\u00a0ប" +
	"៊ីលាន000\u00a0ប៊ីលាន0\u00a0ទ្រីលាន00" +
	"\u00a0ទ្រីលាន000\u00a0ទ្រីលាន0 ಸಾವಿ\xe0" +
	"\xb2\xb000 ಸಾವಿರ000 ಸಾವಿರ0 ಮಿಲಿಯನ್00" +
	" ಮಿಲಿಯನ್000 ಮಿಲಿಯನ್0 ಬಿಲಿಯ" +
	"ನ್00 ಬಿಲಿಯನ್000 ಬಿಲಿಯನ್0 ಟ್\xe0" +
	"\xb2\xb0ಿಲಿಯನ್\u200c00 ಟ್ರಿಲಿಯನ್\u200c000 ಟ\xe0" +
	"\xb3\x8dರಿಲಿಯನ್\u200c0ಸಾ00ಸಾ000ಸಾ0ಮಿ00ಮ\xe0\xb2" +
	"\xbf000ಮಿ0ಬಿ00ಬಿ000ಬಿ0ಟ್ರಿ00ಟ್ರಿ000" +
	"ಟ್ರಿ0천0만00만000만0000만0억00억000억0000억0조" +
	"00조000조сан\u00a0эмес0 миң00 миң000 миң0\u00a0миң0" +
	"0\u00a0миң000\u00a0миң0\u00a0млд00\u00a0млд000\u00a0млдບໍ່\u200b\xe0\xbb" +
	"\x81ມ່ນ\u200bໂຕ\u200bເລກ#¤#,##0.00;¤-#,##0.000 ພັ\xe0\xba" +
	"\x9900 ພັນ0 ແສນ0 ລ້ານ00 ລ້ານ000 ລ້\xe0" +
	"\xba\xb2ນ0 ຕື້00 ຕື້000 ຕື້0 ລ້ານລ້າ" +
	"ນ00 ລ້ານລ້ານ000 ລ້ານລ້ານ0\u00a0ພ" +
	"ັນ00\u00a0ພັນ000\u00a0ພັນ0\u00a0ລ້ານ00\u00a0ລ້ານ" +
	"000\u00a0ລ້ານ0\u00a0ຕື້00\u00a0ຕື້000\u00a0ຕື້0\u00a0ລ\xe0\xbb" +
	"\x89ານລ້ານ00ລລ000ລລ∼0 tūkstančiai0 tūkstan" +
	"čio0 tūkstantis0 tūkstančių00 tūkstančiai00 tūkstančio0" +
	"0 tūkstantis00 tūkstančių000 tūkstančiai000 tūkstančio00" +
	"0 tūkstantis000 tūkstančių0 milijonai0 milijono0 milijonas0 " +
	"milijonų00 milijonai00 milijono00 milijonas00 milijonų000 mili" +
	"jonai000 milijono000 milijonas000 milijonų0 milijardai0 milijar" +
	"do0 milijardas0 milijardų00 milijardai00 milijardo00 milijardas" +
	"00 milijardų000 milijardai000 milijardo000 milijardas000 milija" +
	"rdų0 trilijonai0 trilijono0 trilijonas0 trilijonų00 trilijonai" +
	"00 trilijono00 trilijonas00 trilijonų000 trilijonai000 trilijon" +
	"o000 trilijonas000 trilijonų0\u00a0tūkst'.'00\u00a0tūkst'.'000\u00a0tūks" +
	"t'.'0\u00a0mln'.'00\u00a0mln'.'000\u00a0mln'.'0\u00a0mlrd'.'00\u00a0mlrd'.'000\u00a0mlrd" +
	"'.'0\u00a0trln'.'00\u00a0trln'.'000\u00a0trln'.'NS0 tūkstotis0 tūkstoši0 " +
	"tūkstošu00 tūkstotis00 tūkstoši000 tūkstotis000 tūkstoši" +
	"0 miljons0 miljoni0 miljonu00 miljons00 miljoni000 miljons000 mi" +
	"ljoni0 miljards0 miljardu00 miljards00 miljardi000 miljards000 m" +
	"iljardi0 triljons0 triljoni0 triljonu00 triljons00 triljoni000 t" +
	"riljons000 triljoni0\u00a0mljrd'.'00\u00a0mljrd'.'000\u00a0mljrd'.'0\u00a0trilj'" +
	".'00\u00a0trilj'.'000\u00a0trilj'.'0 илјада0 илјади00 илј" +
	"ада00 илјади000 илјада000 илјади0 мили\xd0" +
	"\xbeни00 милион00 милиони000 милион000 мил\xd0" +
	"\xb8они0 милијарда0 милијарди00 милијар" +
	"да00 милијарди000 милијарда000 милија\xd1" +
	"\x80ди0 билион0 билиони00 билион00 билио\xd0" +
	"\xbdи000 билион000 билиони0\u00a0илј'.'00\u00a0илј'.'00" +
	"0\u00a0илј'.'0\u00a0мил'.'00\u00a0мил'.'000\u00a0М0\u00a0милј'.'00\u00a0м" +
	"илј'.'000\u00a0мј'.'000\u00a0ми'.'0\u00a0бил'.'00\u00a0бил'.'000\u00a0\xd0" +
	"\xb1ил'.'0 ആയിരം00 ആയിരം000 ആയിരം0 " +
	"ദശലക്ഷം00 ദശലക്ഷം000 ദശലക്" +
	"ഷം0 ബില്യൺ00 ബില്യൺ000 ബില്\xe0" +
	"\xb4\xafൺ0 ട്രില്യൺ00 ട്രില്യൺ000 \xe0\xb4" +
	"\x9f്രില്യൺ0 мянга00 мянга000 мянга0 \xd1" +
	"\x81ая00 сая000 сая0 тэрбум00 тэрбум000 тэр\xd0" +
	"\xb1ум0 их наяд00 их наяд000 их наяд0\u00a0мян'." +
	"'0\u00a0мян00\u00a0мян'.'00\u00a0мян000\u00a0мян'.'000\u00a0мян0\u00a0с\xd0" +
	"\xb0я00\u00a0сая000\u00a0сая0\u00a0тэрбум00\u00a0тэрбум000Т0И\xd0" +
	"\x9d00ИН000ИНdeva0 हजार00 हजार0 कोटी00 " +
	"कोटी0 अब्ज00 अब्ज0 खर्व00 खर" +
	"्व0 पद्म00 पद्म0\u00a0ह00\u00a0ह0\u00a0कोटी0" +
	"0\u00a0कोटी0\u00a0अब्ज00\u00a0अब्ज0\u00a0खर्व00\xc2" +
	"\xa0खर्व0\u00a0पद्म00\u00a0पद्म00 bilion000 bilion0" +
	" trilion00 trilion000 trilion0J00J000Jmymrဂဏန်းမဟ\xe1" +
	"\x80\xafတ်သော{1} {0}0 ထောင်0 သောင်း0 \xe1" +
	"\x80\x9eိန်း0 သန်း0 ကုဋေ00 ကုဋေ000 က" +
	"ုဋေ0000 ကုဋေကုဋေ 0 သောင်းက\xe1\x80" +
	"\xafဋေ 0 သိန်းကုဋေ 0 သန်း0 ကော\xe1" +
	"\x80\x8bိ0\u00a0ထောင်0\u00a0သောင်း0\u00a0သိန်း0\xc2" +
	"\xa0သန်း0\u00a0ကုဋေ00\u00a0ကုဋေ000\u00a0ဋေဋေ\u00a00" +
	"\u00a0ထဋေ\u00a00\u00a0သဋေ\u00a00\u00a0သိန်းဋေ\u00a00\u00a0သန\xe1\x80" +
	"\xbaး0\u00a0ကောဋိca.¤\u00a0#,##0.00;(¤\u00a0#,##0.00)#,##0.00\u00a0¤" +
	";-#,##0.00\u00a0¤0 tusen00 tusen000 tusen0\u00a0mill'.'00\u00a0mill'.'000\u00a0" +
	"mill'.'0\u00a0bill'.'00\u00a0bill'.'000\u00a0bill'.'¤\u00a0#,##,##0.000 कर\xe0" +
	"\xa5\x8bड00 करोड000 करोड000 अरब0 शंख00 \xe0" +
	"\xa4\xb6ंख0\u00a0हजार00\u00a0हजार0\u00a0करोड00\u00a0कर" +
	"ोड0\u00a0अरब00\u00a0अरब0\u00a0खरब00\u00a0खरब0\u00a0श\xe0\xa4" +
	"\x82ख00\u00a0शंख¤\u00a0#,##0.00;¤\u00a0-#,##0.000 duizend00 duizend00" +
	"0 duizend0\u00a0bln'.'00\u00a0bln'.'000\u00a0bln'.'0 ਹਜ਼ਾਰ00 ਹ\xe0\xa8" +
	"\x9c਼ਾਰ0 ਲੱਖ00 ਲੱਖ0 ਕਰੋੜ00 ਕਰੋੜ0 " +
	"ਅਰਬ00 ਅਰਬ0 ਖਰਬ00 ਖਰਬ0 ਨੀਲ00 ਨੀ" +
	"ਲ0\u00a0ਹਜ਼ਾਰ00\u00a0ਹਜ਼ਾਰ0\u00a0ਲੱਖ00\u00a0ਲੱ\xe0\xa8" +
	"\x960\u00a0ਕਰੋੜ00\u00a0ਕਰੋੜ0\u00a0ਅਰਬ00\u00a0ਅਰਬ0\u00a0ਖ\xe0" +
	"\xa8\xb0ਬ00\u00a0ਖਰਬ0\u00a0ਨੀਲ00\u00a0ਨੀਲ0 tysiące0 tysięcy0" +
	" tysiąc0 tysiąca00 tysiące00 tysięcy00 tysiąc00 tysiąca000" +
	" tysiące000 tysięcy000 tysiąc000 tysiąca0 milionów0 miliona" +
	"00 miliony00 milionów00 milion00 miliona000 miliony000 milionó" +
	"w000 milion000 miliona0 miliardów00 miliardów00 miliarda000 mi" +
	"liardów000 miliarda0 bilionów0 biliona00 biliony00 bilionów00" +
	" biliona000 biliony000 bilionów000 biliona0\u00a0tys'.'00\u00a0tys'.'00" +
	"0\u00a0tys'.'0\u00a0bln00\u00a0bln000\u00a0bln0 milhão0 milhões00 milhão00 mi" +
	"lhões000 milhão000 milhões0 bilhão0 bilhões00 bilhão00 bil" +
	"hões000 bilhão000 bilhões0 trilhão0 trilhões00 trilhão00 t" +
	"rilhões000 trilhão000 trilhões0\u00a0mi00\u00a0mi000\u00a0mi0\u00a0bi00\u00a0bi00" +
	"0\u00a0bi0\u00a0tri00\u00a0tri000\u00a0tri0 mil milhões00 mil milhões000 mil m" +
	"ilhões0 bilião0 biliões00 biliões000 biliões0\u00a0mM00\u00a0mM000\xc2" +
	"\xa0mM0\u00a0Bi00\u00a0Bi000\u00a0Bi{0} de {1}0 mii0 mie0 de mii00 mii00 mie00 " +
	"de mii000 mii000 mie000 de mii0 milioane0 de milioane00 milioane" +
	"00 de milioane000 milioane000 de milioane0 miliarde0 de miliarde" +
	"00 miliarde00 de miliarde000 miliarde000 de miliarde0 trilioane0" +
	" de trilioane00 trilioane00 de trilioane000 trilioane000 de tril" +
	"ioane00\u00a0K000\u00a0K0\u00a0tril'.'00\u00a0tril'.'000\u00a0tril'.'не\u00a0числ\xd0" +
	"\xbe0 тысячи00 тысячи000 тысячи0 миллиона" +
	"0 миллионов00 миллиона00 миллионов000 " +
	"миллиона000 миллионов0 миллиарда0 ми" +
	"ллиардов00 миллиарда00 миллиардов000 " +
	"миллиарда000 миллиардов0 триллиона0 " +
	"триллионов00 триллиона00 триллионов" +
	"000 триллиона000 триллионов{1}{0}දහස 0\xe0" +
	"\xb6\xafහස 00දහස 000මිලියන 0මිලියන 0" +
	"0මිලියන 000බිලියන 0බිලියන 00" +
	"බිලියන 000ට්\u200dරිලියන 0ට්\u200dර\xe0" +
	"\xb7\x92ලියන 00ට්\u200dරිලියන 000ද0ද00ද000\xe0" +
	"\xb6\xb8ි0මි00මි000බි0බි00බි000ට්\u200dරි0\xe0" +
	"\xb6\xa7්\u200dරි00ට්\u200dරි0000 tisíca00 tisíca000 tisíca" +
	"0 milióny0 milióna0 milión0 miliónov00 miliónov00 milióna0" +
	"00 miliónov000 milióna0 miliárd00 miliárd000 miliárd0 bili\xc3" +
	"\xb3ny0 bilióna0 bilión0 biliónov00 biliónov00 bilióna000 bili" +
	"ónov000 bilióna0 tisoč00 tisoč000 tisoč0 milijoni0 milijon0" +
	" milijonov0 milijona00 milijona00 milijon00 milijonov000 milijon" +
	"i000 milijon000 milijonov000 milijona0 milijard00 milijard000 mi" +
	"lijard0 bilijoni0 bilijon0 bilijonov0 bilijona00 bilijoni00 bili" +
	"jon00 bilijonov00 bilijona000 bilijoni000 bilijon000 bilijonov00" +
	"0 bilijona0 mijë00 mijë000 mijë0\u00a0mijë00\u00a0mijë000\u00a0mijë0 \xd1" +
	"\x85иљаде0 хиљада00 хиљаде00 хиљада000 хи\xd1" +
	"\x99аде000 хиљада0 милијарде00 милијарде" +
	"000 милијарде0 билиона00 билиона000 би\xd0" +
	"\xbbиона0\u00a0хиљ'.'00\u00a0хиљ'.'000\u00a0хиљ'.'000\u00a0мил'.'0 " +
	"miljoner00 miljon00 miljoner000 miljoner0 miljarder00 miljarder0" +
	"00 miljarder0 biljon0 biljoner00 biljoner000 biljoner0\u00a0tn00\u00a0tn" +
	"000\u00a0tn0\u00a0mn00\u00a0mn000\u00a0mn0\u00a0md00\u00a0md000\u00a0mdelfu 0;elfu -0elfu 00" +
	";elfu -00elfu 000;elfu -000milioni 0;milioni -0milioni 00;milion" +
	"i -00milioni 000;milioni -000bilioni 0;bilioni -0bilioni 00;bili" +
	"oni -00bilioni 000;bilioni -000trilioni 0;trilioni -0trilioni 00" +
	";trilioni -00trilioni 000;trilioni -000elfu\u00a00;elfu\u00a0-0elfu\u00a000;" +
	"elfu\u00a0-00elfu\u00a0000;elfu\u00a0-0000M;-0M00M;-00M000M;-000M0B;-0B00B;-" +
	"00B000B;-000B0T;-0T00T;-00T000T;-000T0 ஆயிரம்00 ஆ\xe0" +
	"\xae\xafிரம்000 ஆயிரம்0 மில்லியன\xe0\xaf" +
	"\x8d00 மில்லியன்000 மில்லியன்0 " +
	"பில்லியன்00 பில்லியன்000 ப" +
	"ில்லியன்0 டிரில்லியன்00 \xe0\xae" +
	"\x9fிரில்லியன்000 டிரில்லிய\xe0\xae" +
	"\xa9்0ஆ00ஆ000ஆ0மி00மி000மி0பி00பி000ப" +
	"ி0டி00டி000டி0 వేయి0 వేలు00 వే" +
	"లు000 వేలు0 మిలియన్0 మిలియ\xe0\xb0" +
	"\xa8్లు00 మిలియన్లు000 మిలియన\xe0\xb1" +
	"\x8dలు0 బిలియన్0 బిలియన్లు00 \xe0\xb0" +
	"\xacిలియన్లు000 బిలియన్లు0 ట్" +
	"రిలియన్0 ట్రిలియన్లు00 ట\xe0\xb1" +
	"\x8dరిలియన్లు000 ట్రిలియన్ల\xe0\xb1" +
	"\x810వే00వే000వే0మి00మి000మి0బి00బి" +
	"000బి0ట్రి00ట్రి000ట్రి0 พัน0 " +
	"หมื่น0 แสน0 ล้าน00 ล้าน000 ล\xe0\xb9" +
	"\x89าน0 พันล้าน0 หมื่นล้าน0 แ" +
	"สนล้าน0 ล้านล้าน00 ล้านล\xe0\xb9" +
	"\x89าน000 ล้านล้าน%#,##00 bin00 bin000 bin0 mil" +
	"yar00 milyar000 milyar0\u00a0Mn00\u00a0Mn000\u00a0Mn0\u00a0Mr00\u00a0Mr000\u00a0Mr0\u00a0Tn0" +
	"0\u00a0Tn000\u00a0TnЕ0 тисячі0 тисяч0 тисяча00 тис\xd1" +
	"\x8fчі00 тисяч00 тисяча000 тисячі000 тисяч0" +
	"00 тисяча0 мільйони0 мільйонів0 міль\xd0" +
	"\xb9он0 мільйона00 мільйони00 мільйонів0" +
	"0 мільйон00 мільйона000 мільйони000 мі\xd0" +
	"\xbbьйонів000 мільйон000 мільйона0 мілья\xd1" +
	"\x80ди0 мільярдів00 мільярди00 мільярді\xd0" +
	"\xb2000 мільярди000 мільярдів0 трильйони0" +
	" трильйонів0 трильйон0 трильйона00 т" +
	"рильйони00 трильйонів00 трильйон00 т\xd1" +
	"\x80ильйона000 трильйони000 трильйонів000" +
	" трильйон000 трильйона0\u00a0тис'.'00\u00a0тис'.'" +
	"000\u00a0тис'.'0 ہزار00 ہزار0 لاکھ00 لاکھ0 کرو" +
	"ڑ00 کروڑ0 ارب00 ارب0 کھرب00 کھرب00 ٹریلی" +
	"ن000 ٹریلین0\u00a0ہزار00\u00a0ہزار0\u00a0لاکھ00\u00a0لاکھ" +
	"0\u00a0کروڑ00\u00a0کروڑ0\u00a0ارب00\u00a0ارب0\u00a0کھرب00\u00a0کھر\xd8" +
	"\xa800\u00a0ٹریلین000\u00a0ٹریلینson\u00a0emas0 ming00 ming000 ming" +
	"0\u00a0ming00\u00a0ming000\u00a0ming0 nghìn00 nghìn000 nghìn0 triệu00 t" +
	"riệu000 triệu0 tỷ00 tỷ000 tỷ0 nghìn tỷ00 nghìn t\xe1\xbb" +
	"\xb7000 nghìn tỷ0\u00a0N00\u00a0N000\u00a0N0\u00a0Tr00\u00a0Tr000\u00a0Tr0\u00a0NT00\u00a0NT000\xc2" +
	"\xa0NT0亿00亿000亿0000亿0万亿00万亿000万亿非數值0萬00" +
	"萬000萬0000萬afamarar-EGar-SAazbebgbnbn-INcacscydadede-ATelen" +
	"en-AUen-CAen-GBeses-419es-MXeteufafifilfrfr-CAgaglguhehihrhuhyid" +
	"isitjakakkkmknkokyloltlvmkmlmnmrmsmynbnenlpaplptpt-PTrorusisksls" +
	"qsrsvswtatethtrukuruzvizhzh-Hanszh-Hantzh-Hant-HK" +
	""

const _numberBlob = "" +
	"V\x01\x00\x04\x01\x00\x04\x04\x01\x05\x02\a\x01\b\x01\t\x01\n\x03\r\x03\x10\x01\x11\x03\x14\x03\x17\x01\x18\x02\x1a\x01\x01\x00\x04\x1b\t\x01\x00\x04$\x06\x01\x00\x04*\x03\x01\x00\x04\x02-\n7\x17N\bV\n\x01\x00\x04\x01" +
	"`\x05e\a\x01\x00\x04\x02l\x04\f\x03\x02p\x03s\t`\x05s\t\x04\x02p\x03|\n`\x05|\n\x05\x02p\x03\x86\x01\v`\x05\x86\x01\v\x06\x02p\x03\x91\x01\t`\x05\x91\x01\t\a\x02p\x03\x9a\x01\n`\x05" +
	"\x9a\x01\n\b\x02p\x03\xa4\x01\v`\x05\xa4\x01\v\t\x02p\x03\xaf\x01\t`\x05\xaf\x01\t\n\x02p\x03\xb8\x01\n`\x05\xb8\x01\n\v\x02p\x03\xc2\x01\v`\x05\xc2\x01\v\f\x02p\x03\xcd\x01\t`\x05\xcd\x01\t\r" +
	"\x02p\x03\xd6\x01\n`\x05\xd6\x01\n\x0e\x02p\x03\xe0\x01\v`\x05\xe0\x01\v\xeb\x01\x05\f\x03\x02p\x03\xf0\x01\x04`\x05\xf0\x01\x04\x04\x02p\x03\xf4\x01\x05`\x05\xf4\x01\x05\x05\x02p\x03\xf9\x01\x06`\x05\xf9\x01\x06\x06" +
	"\x02p\x03\xff\x01\x04`\x05\xff\x01\x04\a\x02p\x03\x83\x02\x05`\x05\x83\x02\x05\b\x02p\x03\x88\x02\x06`\x05\x88\x02\x06\t\x02p\x03\x8e\x02\x06`\x05\x8e\x02\x06\n\x02p\x03\x94\x02\a`\x05\x94\x02\a\v\x02p\x03\x9b" +
	"\x02\b`\x05\x9b\x02\b\f\x02p\x03\xa3\x02\x05`\x05\xa3\x02\x05\r\x02p\x03\xa8\x02\x06`\x05\xa8\x02\x06\x0e\x02p\x03\xae\x02\a`\x05\xae\x02\a\x01\x00\x04\x01\x00\x04\xb5\x02\x01\x04\x01\a\x01\b\x01\t\x01\xb6\x02+\r" +
	"\x03\x10\x01\x11\x03\x14\x03\x17\x01\x18\x02\x1a\x01\x01\x00\x04\x1b\t\x01\x00\x04$\x06\x01\x00\x04*\x03\x01\x00\x04\x02-\n7\x17N\bV\n\x01\x00\x04\x01`\x05e\a\x01\x00\x04\x02l\x04\f\x03\x02p\x03\xe1\x02\x05`\x05" +
	"\xe1\x02\x05\x04\x02p\x03\xe6\x02\x06`\x05\xe6\x02\x06\x05\x02p\x03\xec\x02\a`\x05\xec\x02\a\x06\x02p\x03\xf3\x02\x0e`\x05\xf3\x02\x0e\a\x02p\x03\x81\x03\x0f`\x05\x81\x03\x0f\b\x02p\x03\x90\x03\x10`\x05\x90\x03\x10\t" +
	"\x02p\x03\xa0\x03\x0e`\x05\xa0\x03\x0e\n\x02p\x03\xae\x03\x0f`\x05\xae\x03\x0f\v\x02p\x03\xbd\x03\x10`\x05\xbd\x03\x10\f\x02p\x03\xcd\x03\x11`\x05\xcd\x03\x11\r\x02p\x03\xde\x03\x12`\x05\xde\x03\x12\x0e\x02p\x03\xf0" +
	"\x03\x13`\x05\xf0\x03\x13\xeb\x01\x05\f\x03\x02p\x03\x83\x04\x06`\x05\x83\x04\x06\x04\x02p\x03\x89\x04\a`\x05\x89\x04\a\x05\x02p\x03\x90\x04\b`\x05\x90\x04\b\x06\x02p\x03\x98\x04\x06`\x05\x98\x04\x06\a\x02p\x03\x9e" +
	"\x04\a`\x05\x9e\x04\a\b\x02p\x03\xa5\x04\b`\x05\xa5\x04\b\t\x02p\x03\xad\x04\x06`\x05\xad\x04\x06\n\x02p\x03\xb3\x04\a`\x05\xb3\x04\a\v\x02p\x03\xba\x04\b`\x05\xba\x04\b\f\x02p\x03\xc2\x04\x06`\x05" +
	"\xc2\x04\x06\r\x02p\x03\xc8\x04\a`\x05\xc8\x04\a\x0e\x02p\x03\xcf\x04\b`\x05\xcf\x04\b\x01\x00\x04\x01\x00\x04\xb5\x02\x01\x04\x01\xd7\x04\a\xde\x04\x04\xe2\x04\x04\xe6\x04\x12\r\x03\x10\x01\x11\x03\x14\x03\x17\x01\x18\x02\x1a\x01" +
	"\x01\x00\x04\x1b\t\x01\x00\x04$\x06\x01\x00\x04*\x03\x01\x00\x04\x02-\n\xf8\x04\x1bN\b\x93\x05 \x01\x00\x04\x01`\x05e\a\x01\x00\x04\x02l\x04\f\x03\x06\xb3\x05\x03\xb6\x05\n\xc0\x05\x04\xc4\x05\bp\x03\xc4\x05\b`" +
	"\x05\xc4\x05\b\xcc\x05\x03\xc4\x05\b\xcf\x05\x04\xc4\x05\b\x04\x06\xb3\x05\x03\xd3\x05\t\xc0\x05\x04\xd3\x05\tp\x03\xd3\x05\t`\x05\xd3\x05\t\xcc\x05\x03\xd3\x05\t\xcf\x05\x04\xd3\x05\t\x05\x06\xb3\x05\x03\xdc\x05\n\xc0\x05\x04\xdc" +
	"\x05\np\x03\xdc\x05\n`\x05\xdc\x05\n\xcc\x05\x03\xdc\x05\n\xcf\x05\x04\xdc\x05\n\x06\x06\xb3\x05\x03\xe6\x05\x0e\xc0\x05\x04\xf4\x05\fp\x03\xf4\x05\f`\x05\xf4\x05\f\xcc\x05\x03\xf4\x05\f\xcf\x05\x04\xf4\x05\f\a\x06\xb3\x05" +
	"\x03\x80\x06\x0f\xc0\x05\x04\x8f\x06\rp\x03\x8f\x06\r`\x05\x8f\x06\r\xcc\x05\x03\x8f\x06\r\xcf\x05\x04\x8f\x06\r\b\x06\xb3\x05\x03\x9c\x06\x0e\xc0\x05\x04\x9c\x06\x0ep\x03\x9c\x06\x0e`\x05\x9c\x06\x0e\xcc\x05\x03\x9c\x06\x0e\xcf\x05" +
	"\x04\x9c\x06\x0e\t\x06\xb3\x05\x03\xaa\x06\f\xc0\x05\x04\xaa\x06\fp\x03\xaa\x06\f`\x05\xaa\x06\f\xcc\x05\x03\xaa\x06\f\xcf\x05\x04\xaa\x06\f\n\x06\xb3\x05\x03\xb6\x06\r\xc0\x05\x04\xb6\x06\rp\x03\xb6\x06\r`\x05\xb6\x06\r" +
	"\xcc\x05\x03\xb6\x06\r\xcf\x05\x04\xb6\x06\r\v\x06\xb3\x05\x03\xc3\x06\x0e\xc0\x05\x04\xc3\x06\x0ep\x03\xc3\x06\x0e`\x05\xc3\x06\x0e\xcc\x05\x03\xc3\x06\x0e\xcf\x05\x04\xc3\x06\x0e\f\x06\xb3\x05\x03\xd1\x06\x0e\xc0\x05\x04\xd1\x06\x0ep\x03" +
	"\xd1\x06\x0e`\x05\xd1\x06\x0e\xcc\x05\x03\xd1\x06\x0e\xcf\x05\x04\xd1\x06\x0e\r\x06\xb3\x05\x03\xdf\x06\x0f\xc0\x05\x04\xdf\x06\x0fp\x03\xdf\x06\x0f`\x05\xdf\x06\x0f\xcc\x05\x03\xdf\x06\x0f\xcf\x05\x04\xdf\x06\x0f\x0e\x06\xb3\x05\x03\xee\x06\x10" +
	"\xc0\x05\x04\xee\x06\x10p\x03\xee\x06\x10`\x05\xee\x06\x10\xcc\x05\x03\xee\x06\x10\xcf\x05\x04\xee\x06\x10\xeb\x01\x05\f\x03\x06\xb3\x05\x03\xfe\x06\v\xc0\x05\x04\x89\a\tp\x03\x89\a\t`\x05\x89\a\t\xcc\x05\x03\x89\a\t\xcf\x05" +
	"\x04\x89\a\t\x04\x06\xb3\x05\x03\x92\a\n\xc0\x05\x04\x92\a\np\x03\x92\a\n`\x05\x92\a\n\xcc\x05\x03\x92\a\n\xcf\x05\x04\x92\a\n\x05\x06\xb3\x05\x03\x9c\a\v\xc0\x05\x04\x9c\a\vp\x03\x9c\a\v`\x05\x9c\a\v" +
	"\xcc\x05\x03\x9c\a\v\xcf\x05\x04\x9c\a\v\x06\x02p\x03\xa7\a\r`\x05\xa7\a\r\a\x02p\x03\xb4\a\x0e`\x05\xb4\a\x0e\b\x02p\x03\xc2\a\x0f`\x05\xc2\a\x0f\t\x02p\x03\xd1\a\r`\x05\xd1\a\r\n\x02p\x03" +
	"\xde\a\x0e`\x05\xde\a\x0e\v\x02p\x03\xec\a\x0f`\x05\xec\a\x0f\f\x02p\x03\xfb\a\x0f`\x05\xfb\a\x0f\r\x02p\x03\x8a\b\x10`\x05\x8a\b\x10\x0e\x02p\x03\x9a\b\x11`\x05\x9a\b\x11\x01\xab\b\x04\x02\xab\b\x04" +
	"\xaf\b\x02\xb1\b\x02\xb3\b\x04\xb7\b\x03\xba\b\x03\xe6\x04\x12\r\x03\x10\x01\x11\x03\xbd\b\x02\xbf\b\x04\x18\x02\x1a\x01\x00\x04\xb5\x02\x01\x04\x01\xd7\x04\a\xde\x04\x04\xe2\x04\x04\xe6\x04\x12\r\x03\x10\x01\x11\x03\x14\x03\x17\x01\x18" +
	"\x02\x1a\x01\x02\xab\b\x04\x1b\t\x00\x04\x1b\t\x02\xab\b\x04$\x06\x00\x04$\x06\x02\xab\b\x04*\x03\x00\x04*\x03\x02\xab\b\x04\x02-\n\xc3\b\x0fN\b\xc3\b\x0f\x00\x04\x02-\n\xf8\x04\x1bN\b\x93\x05 \x02\xab\b" +
	"\x04\x06\xb3\x05\x03e\a\xc0\x05\x04e\ap\x03e\a`\x05e\a\xcc\x05\x03e\a\xcf\x05\x04e\a\x00\x04\x01`\x05e\a\x02\xab\b\x04\x02l\x04\f\x03\x06\xb3\x05\x03\xb6\x05\n\xc0\x05\x04\xc4\x05\bp\x03\xc4\x05\b" +
	"`\x05\xc4\x05\b\xcc\x05\x03\xc4\x05\b\xcf\x05\x04\xc4\x05\b\x04\x06\xb3\x05\x03\xd3\x05\t\xc0\x05\x04\xd3\x05\tp\x03\xd3\x05\t`\x05\xd3\x05\t\xcc\x05\x03\xd3\x05\t\xcf\x05\x04\xd3\x05\t\x05\x06\xb3\x05\x03\xdc\x05\n\xc0\x05\x04" +
	"\xdc\x05\np\x03\xdc\x05\n`\x05\xdc\x05\n\xcc\x05\x03\xdc\x05\n\xcf\x05\x04\xdc\x05\n\x06\x06\xb3\x05\x03\xe6\x05\x0e\xc0\x05\x04\xf4\x05\fp\x03\xf4\x05\f`\x05\xf4\x05\f\xcc\x05\x03\xf4\x05\f\xcf\x05\x04\xf4\x05\f\a\x06\xb3" +
	"\x05\x03\x80\x06\x0f\xc0\x05\x04\x8f\x06\rp\x03\x8f\x06\r`\x05\x8f\x06\r\xcc\x05\x03\x8f\x06\r\xcf\x05\x04\x8f\x06\r\b\x06\xb3\x05\x03\x9c\x06\x0e\xc0\x05\x04\x9c\x06\x0ep\x03\x9c\x06\x0e`\x05\x9c\x06\x0e\xcc\x05\x03\x9c\x06\x0e\xcf" +
	"\x05\x04\x9c\x06\x0e\t\x06\xb3\x05\x03\xaa\x06\f\xc0\x05\x04\xaa\x06\fp\x03\xaa\x06\f`\x05\xaa\x06\f\xcc\x05\x03\xaa\x06\f\xcf\x05\x04\xaa\x06\f\n\x06\xb3\x05\x03\xb6\x06\r\xc0\x05\x04\xb6\x06\rp\x03\xb6\x06\r`\x05\xb6\x06" +
	"\r\xcc\x05\x03\xb6\x06\r\xcf\x05\x04\xb6\x06\r\v\x06\xb3\x05\x03\xc3\x06\x0e\xc0\x05\x04\xc3\x06\x0ep\x03\xc3\x06\x0e`\x05\xc3\x06\x0e\xcc\x05\x03\xc3\x06\x0e\xcf\x05\x04\xc3\x06\x0e\f\x06\xb3\x05\x03\xd1\x06\x0e\xc0\x05\x04\xd1\x06\x0ep" +
	"\x03\xd1\x06\x0e`\x05\xd1\x06\x0e\xcc\x05\x03\xd1\x06\x0e\xcf\x05\x04\xd1\x06\x0e\r\x06\xb3\x05\x03\xdf\x06\x0f\xc0\x05\x04\xdf\x06\x0fp\x03\xdf\x06\x0f`\x05\xdf\x06\x0f\xcc\x05\x03\xdf\x06\x0f\xcf\x05\x04\xdf\x06\x0f\x0e\x06\xb3\x05\x03\xee\x06" +
	"\x10\xc0\x05\x04\xee\x06\x10p\x03\xee\x06\x10`\x05\xee\x06\x10\xcc\x05\x03\xee\x06\x10\xcf\x05\x04\xee\x06\x10\xeb\x01\x05\f\x03\x06\xb3\x05\x03\xfe\x06\v\xc0\x05\x04\x89\a\tp\x03\x89\a\t`\x05\x89\a\t\xcc\x05\x03\x89\a\t\xcf" +
	"\x05\x04\x89\a\t\x04\x06\xb3\x05\x03\x92\a\n\xc0\x05\x04\x92\a\np\x03\x92\a\n`\x05\x92\a\n\xcc\x05\x03\x92\a\n\xcf\x05\x04\x92\a\n\x05\x06\xb3\x05\x03\x9c\a\v\xc0\x05\x04\x9c\a\vp\x03\x9c\a\v`\x05\x9c\a" +
	"\v\xcc\x05\x03\x9c\a\v\xcf\x05\x04\x9c\a\v\x06\x02p\x03\xa7\a\r`\x05\xa7\a\r\a\x02p\x03\xb4\a\x0e`\x05\xb4\a\x0e\b\x02p\x03\xc2\a\x0f`\x05\xc2\a\x0f\t\x02p\x03\xd1\a\r`\x05\xd1\a\r\n\x02p" +
	"\x03\xde\a\x0e`\x05\xde\a\x0e\v\x02p\x03\xec\a\x0f`\x05\xec\a\x0f\f\x02p\x03\xfb\a\x0f`\x05\xfb\a\x0f\r\x02p\x03\x8a\b\x10`\x05\x8a\b\x10\x0e\x02p\x03\x9a\b\x11`\x05\x9a\b\x11\x00\x04\x02l\x04\f\x03" +
	"\x06\xb3\x05\x03\xb6\x05\n\xc0\x05\x04\xc4\x05\bp\x03\xc4\x05\b`\x05\xc4\x05\b\xcc\x05\x03\xc4\x05\b\xcf\x05\x04\xc4\x05\b\x04\x06\xb3\x05\x03\xd3\x05\t\xc0\x05\x04\xd3\x05\tp\x03\xd3\x05\t`\x05\xd3\x05\t\xcc\x05\x03\xd3\x05" +
	"\t\xcf\x05\x04\xd3\x05\t\x05\x06\xb3\x05\x03\xdc\x05\n\xc0\x05\x04\xdc\x05\np\x03\xdc\x05\n`\x05\xdc\x05\n\xcc\x05\x03\xdc\x05\n\xcf\x05\x04\xdc\x05\n\x06\x06\xb3\x05\x03\xe6\x05\x0e\xc0\x05\x04\xf4\x05\fp\x03\xf4\x05\f`\x05" +
	"\xf4\x05\f\xcc\x05\x03\xf4\x05\f\xcf\x05\x04\xf4\x05\f\a\x06\xb3\x05\x03\x80\x06\x0f\xc0\x05\x04\x8f\x06\rp\x03\x8f\x06\r`\x05\x8f\x06\r\xcc\x05\x03\x8f\x06\r\xcf\x05\x04\x8f\x06\r\b\x06\xb3\x05\x03\x9c\x06\x0e\xc0\x05\x04\x9c\x06" +
	"\x0ep\x03\x9c\x06\x0e`\x05\x9c\x06\x0e\xcc\x05\x03\x9c\x06\x0e\xcf\x05\x04\x9c\x06\x0e\t\x06\xb3\x05\x03\xaa\x06\f\xc0\x05\x04\xaa\x06\fp\x03\xaa\x06\f`\x05\xaa\x06\f\xcc\x05\x03\xaa\x06\f\xcf\x05\x04\xaa\x06\f\n\x06\xb3\x05\x03" +
	"\xb6\x06\r\xc0\x05\x04\xb6\x06\rp\x03\xb6\x06\r`\x05\xb6\x06\r\xcc\x05\x03\xb6\x06\r\xcf\x05\x04\xb6\x06\r\v\x06\xb3\x05\x03\xc3\x06\x0e\xc0\x05\x04\xc3\x06\x0ep\x03\xc3\x06\x0e`\x05\xc3\x06\x0e\xcc\x05\x03\xc3\x06\x0e\xcf\x05\x04" +
	"\xc3\x06\x0e\f\x06\xb3\x05\x03\xd1\x06\x0e\xc0\x05\x04\xd1\x06\x0ep\x03\xd1\x06\x0e`\x05\xd1\x06\x0e\xcc\x05\x03\xd1\x06\x0e\xcf\x05\x04\xd1\x06\x0e\r\x06\xb3\x05\x03\xdf\x06\x0f\xc0\x05\x04\xdf\x06\x0fp\x03\xdf\x06\x0f`\x05\xdf\x06\x0f\xcc" +
	"\x05\x03\xdf\x06\x0f\xcf\x05\x04\xdf\x06\x0f\x0e\x06\xb3\x05\x03\xee\x06\x10\xc0\x05\x04\xee\x06\x10p\x03\xee\x06\x10`\x05\xee\x06\x10\xcc\x05\x03\xee\x06\x10\xcf\x05\x04\xee\x06\x10\xeb\x01\x05\f\x03\x06\xb3\x05\x03\xfe\x06\v\xc0\x05\x04\x89\a" +
	"\tp\x03\x89\a\t`\x05\x89\a\t\xcc\x05\x03\x89\a\t\xcf\x05\x04\x89\a\t\x04\x06\xb3\x05\x03\x92\a\n\xc0\x05\x04\x92\a\np\x03\x92\a\n`\x05\x92\a\n\xcc\x05\x03\x92\a\n\xcf\x05\x04\x92\a\n\x05\x06\xb3\x05\x03" +
	"\x9c\a\v\xc0\x05\x04\x9c\a\vp\x03\x9c\a\v`\x05\x9c\a\v\xcc\x05\x03\x9c\a\v\xcf\x05\x04\x9c\a\v\x06\x02p\x03\xa7\a\r`\x05\xa7\a\r\a\x02p\x03\xb4\a\x0e`\x05\xb4\a\x0e\b\x02p\x03\xc2\a\x0f`\x05" +
	"\xc2\a\x0f\t\x02p\x03\xd1\a\r`\x05\xd1\a\r\n\x02p\x03\xde\a\x0e`\x05\xde\a\x0e\v\x02p\x03\xec\a\x0f`\x05\xec\a\x0f\f\x02p\x03\xfb\a\x0f`\x05\xfb\a\x0f\r\x02p\x03\x8a\b\x10`\x05\x8a\b\x10\x0e" +
	"\x02p\x03\x9a\b\x11`\x05\x9a\b\x11\x01\xab\b\x04\x02\xab\b\x04\xaf\b\x02\xb1\b\x02\xb3\b\x04\xb7\b\x03\xba\b\x03\xe6\x04\x12\r\x03\x10\x01\x11\x03\xbd\b\x02\xbf\b\x04\x18\x02\x1a\x01\x00\x04\xb5\x02\x01\x04\x01\xd2\b\x02\xde" +
	"\x04\x04\xe2\x04\x04\xe6\x04\x12\r\x03\x10\x01\x11\x03\x14\x03\x17\x01\x18\x02\x1a\x01\x02\xab\b\x04\x1b\t\x00\x04\x1b\t\x02\xab\b\x04$\x06\x00\x04$\x06\x02\xab\b\x04*\x03\x00\x04*\x03\x02\xab\b\x04\x02-\n\xc3\b\x0fN\b" +
	"\xc3\b\x0f\x00\x04\x02-\n\xf8\x04\x1bN\b\x93\x05 \x02\xab\b\x04\x06\xb3\x05\x03e\a\xc0\x05\x04e\ap\x03e\a`\x05e\a\xcc\x05\x03e\a\xcf\x05\x04e\a\x00\x04\x01`\x05e\a\x02\xab\b\x04\x02l\x04\f" +
	"\x03\x06\xb3\x05\x03\xb6\x05\n\xc0\x05\x04\xc4\x05\bp\x03\xc4\x05\b`\x05\xc4\x05\b\xcc\x05\x03\xc4\x05\b\xcf\x05\x04\xc4\x05\b\x04\x06\xb3\x05\x03\xd3\x05\t\xc0\x05\x04\xd3\x05\tp\x03\xd3\x05\t`\x05\xd3\x05\t\xcc\x05\x03\xd3" +
	"\x05\t\xcf\x05\x04\xd3\x05\t\x05\x06\xb3\x05\x03\xdc\x05\n\xc0\x05\x04\xdc\x05\np\x03\xdc\x05\n`\x05\xdc\x05\n\xcc\x05\x03\xdc\x05\n\xcf\x05\x04\xdc\x05\n\x06\x06\xb3\x05\x03\xe6\x05\x0e\xc0\x05\x04\xf4\x05\fp\x03\xf4\x05\f`" +
	"\x05\xf4\x05\f\xcc\x05\x03\xf4\x05\f\xcf\x05\x04\xf4\x05\f\a\x06\xb3\x05\x03\x80\x06\x0f\xc0\x05\x04\x8f\x06\rp\x03\x8f\x06\r`\x05\x8f\x06\r\xcc\x05\x03\x8f\x06\r\xcf\x05\x04\x8f\x06\r\b\x06\xb3\x05\x03\x9c\x06\x0e\xc0\x05\x04\x9c" +
	"\x06\x0ep\x03\x9c\x06\x0e`\x05\x9c\x06\x0e\xcc\x05\x03\x9c\x06\x0e\xcf\x05\x04\x9c\x06\x0e\t\x06\xb3\x05\x03\xaa\x06\f\xc0\x05\x04\xaa\x06\fp\x03\xaa\x06\f`\x05\xaa\x06\f\xcc\x05\x03\xaa\x06\f\xcf\x05\x04\xaa\x06\f\n\x06\xb3\x05" +
	"\x03\xb6\x06\r\xc0\x05\x04\xb6\x06\rp\x03\xb6\x06\r`\x05\xb6\x06\r\xcc\x05\x03\xb6\x06\r\xcf\x05\x04\xb6\x06\r\v\x06\xb3\x05\x03\xc3\x06\x0e\xc0\x05\x04\xc3\x06\x0ep\x03\xc3\x06\x0e`\x05\xc3\x06\x0e\xcc\x05\x03\xc3\x06\x0e\xcf\x05" +
	"\x04\xc3\x06\x0e\f\x06\xb3\x05\x03\xd1\x06\x0e\xc0\x05\x04\xd1\x06\x0ep\x03\xd1\x06\x0e`\x05\xd1\x06\x0e\xcc\x05\x03\xd1\x06\x0e\xcf\x05\x04\xd1\x06\x0e\r\x06\xb3\x05\x03\xdf\x06\x0f\xc0\x05\x04\xdf\x06\x0fp\x03\xdf\x06\x0f`\x05\xdf\x06\x0f" +
	"\xcc\x05\x03\xdf\x06\x0f\xcf\x05\x04\xdf\x06\x0f\x0e\x06\xb3\x05\x03\xee\x06\x10\xc0\x05\x04\xee\x06\x10p\x03\xee\x06\x10`\x05\xee\x06\x10\xcc\x05\x03\xee\x06\x10\xcf\x05\x04\xee\x06\x10\xeb\x01\x05\f\x03\x06\xb3\x05\x03\xfe\x06\v\xc0\x05\x04\x89" +
	"\a\tp\x03\x89\a\t`\x05\x89\a\t\xcc\x05\x03\x89\a\t\xcf\x05\x04\x89\a\t\x04\x06\xb3\x05\x03\x92\a\n\xc0\x05\x04\x92\a\np\x03\x92\a\n`\x05\x92\a\n\xcc\x05\x03\x92\a\n\xcf\x05\x04\x92\a\n\x05\x06\xb3\x05" +
	"\x03\x9c\a\v\xc0\x05\x04\x9c\a\vp\x03\x9c\a\v`\x05\x9c\a\v\xcc\x05\x03\x9c\a\v\xcf\x05\x04\x9c\a\v\x06\x02p\x03\xa7\a\r`\x05\xa7\a\r\a\x02p\x03\xb4\a\x0e`\x05\xb4\a\x0e\b\x02p\x03\xc2\a\x0f`" +
	"\x05\xc2\a\x0f\t\x02p\x03\xd1\a\r`\x05\xd1\a\r\n\x02p\x03\xde\a\x0e`\x05\xde\a\x0e\v\x02p\x03\xec\a\x0f`\x05\xec\a\x0f\f\x02p\x03\xfb\a\x0f`\x05\xfb\a\x0f\r\x02p\x03\x8a\b\x10`\x05\x8a\b\x10" +
	"\x0e\x02p\x03\x9a\b\x11`\x05\x9a\b\x11\x00\x04\x02l\x04\f\x03\x06\xb3\x05\x03\xb6\x05\n\xc0\x05\x04\xc4\x05\bp\x03\xc4\x05\b`\x05\xc4\x05\b\xcc\x05\x03\xc4\x05\b\xcf\x05\x04\xc4\x05\b\x04\x06\xb3\x05\x03\xd3\x05\t\xc0\x05" +
	"\x04\xd3\x05\tp\x03\xd3\x05\t`\x05\xd3\x05\t\xcc\x05\x03\xd3\x05\t\xcf\x05\x04\xd3\x05\t\x05\x06\xb3\x05\x03\xdc\x05\n\xc0\x05\x04\xdc\x05\np\x03\xdc\x05\n`\x05\xdc\x05\n\xcc\x05\x03\xdc\x05\n\xcf\x05\x04\xdc\x05\n\x06\x06" +
	"\xb3\x05\x03\xe6\x05\x0e\xc0\x05\x04\xf4\x05\fp\x03\xf4\x05\f`\x05\xf4\x05\f\xcc\x05\x03\xf4\x05\f\xcf\x05\x04\xf4\x05\f\a\x06\xb3\x05\x03\x80\x06\x0f\xc0\x05\x04\x8f\x06\rp\x03\x8f\x06\r`\x05\x8f\x06\r\xcc\x05\x03\x8f\x06\r" +
	"\xcf\x05\x04\x8f\x06\r\b\x06\xb3\x05\x03\x9c\x06\x0e\xc0\x05\x04\x9c\x06\x0ep\x03\x9c\x06\x0e`\x05\x9c\x06\x0e\xcc\x05\x03\x9c\x06\x0e\xcf\x05\x04\x9c\x06\x0e\t\x06\xb3\x05\x03\xaa\x06\f\xc0\x05\x04\xaa\x06\fp\x03\xaa\x06\f`\x05\xaa" +
	"\x06\f\xcc\x05\x03\xaa\x06\f\xcf\x05\x04\xaa\x06\f\n\x06\xb3\x05\x03\xb6\x06\r\xc0\x05\x04\xb6\x06\rp\x03\xb6\x06\r`\x05\xb6\x06\r\xcc\x05\x03\xb6\x06\r\xcf\x05\x04\xb6\x06\r\v\x06\xb3\x05\x03\xc3\x06\x0e\xc0\x05\x04\xc3\x06\x0e" +
	"p\x03\xc3\x06\x0e`\x05\xc3\x06\x0e\xcc\x05\x03\xc3\x06\x0e\xcf\x05\x04\xc3\x06\x0e\f\x06\xb3\x05\x03\xd1\x06\x0e\xc0\x05\x04\xd1\x06\x0ep\x03\xd1\x06\x0e`\x05\xd1\x06\x0e\xcc\x05\x03\xd1\x06\x0e\xcf\x05\x04\xd1\x06\x0e\r\x06\xb3\x05\x03\xdf" +
	"\x06\x0f\xc0\x05\x04\xdf\x06\x0fp\x03\xdf\x06\x0f`\x05\xdf\x06\x0f\xcc\x05\x03\xdf\x06\x0f\xcf\x05\x04\xdf\x06\x0f\x0e\x06\xb3\x05\x03\xee\x06\x10\xc0\x05\x04\xee\x06\x10p\x03\xee\x06\x10`\x05\xee\x06\x10\xcc\x05\x03\xee\x06\x10\xcf\x05\x04\xee" +
	"\x06\x10\xeb\x01\x05\f\x03\x06\xb3\x05\x03\xfe\x06\v\xc0\x05\x04\x89\a\tp\x03\x89\a\t`\x05\x89\a\t\xcc\x05\x03\x89\a\t\xcf\x05\x04\x89\a\t\x04\x06\xb3\x05\x03\x92\a\n\xc0\x05\x04\x92\a\np\x03\x92\a\n`\x05\x92" +
	"\a\n\xcc\x05\x03\x92\a\n\xcf\x05\x04\x92\a\n\x05\x06\xb3\x05\x03\x9c\a\v\xc0\x05\x04\x9c\a\vp\x03\x9c\a\v`\x05\x9c\a\v\xcc\x05\x03\x9c\a\v\xcf\x05\x04\x9c\a\v\x06\x02p\x03\xa7\a\r`\x05\xa7\a\r\a\x02" +
	"p\x03\xb4\a\x0e`\x05\xb4\a\x0e\b\x02p\x03\xc2\a\x0f`\x05\xc2\a\x0f\t\x02p\x03\xd1\a\r`\x05\xd1\a\r\n\x02p\x03\xde\a\x0e`\x05\xde\a\x0e\v\x02p\x03\xec\a\x0f`\x05\xec\a\x0f\f\x02p\x03\xfb\a" +
	"\x0f`\x05\xfb\a\x0f\r\x02p\x03\x8a\b\x10`\x05\x8a\b\x10\x0e\x02p\x03\x9a\b\x11`\x05\x9a\b\x11\x01\x00\x04\x01\x00\x04\x04\x01\xb5\x02\x01\a\x01\b\x01\t\x01\n\x03\r\x03\x10\x01\x11\x03\x14\x03\x17\x01\x18\x02\x1a\x01\x01" +
	"\x00\x04\x1b\t\x01\x00\x04$\x06\x01\x00\x04*\x03\x01\x00\x04\x02-\n\xd4\b\fN\b\xd4\b\f\x01\x00\x04\x01`\x05e\a\x01\x00\x04\x02l\x04\f\x03\x02p\x03\xe0\b\x05`\x05\xe0\b\x05\x04\x02p\x03\xe5\b\x06`\x05" +
	"\xe5\b\x06\x05\x02p\x03\xeb\b\a`\x05\xeb\b\a\x06\x02p\x03\xf2\b\b`\x05\xf2\b\b\a\x02p\x03\xfa\b\t`\x05\xfa\b\t\b\x02p\x03\x83\t\n`\x05\x83\t\n\t\x02p\x03\x8d\t\t`\x05\x8d\t\t\n" +
	"\x02p\x03\x96\t\n`\x05\x96\t\n\v\x02p\x03\xa0\t\v`\x05\xa0\t\v\f\x02p\x03\xab\t\t`\x05\xab\t\t\r\x02p\x03\xb4\t\n`\x05\xb4\t\n\x0e\x02p\x03\xbe\t\v`\x05\xbe\t\v\xeb\x01\x05\f\x03" +
	"\x01`\x05\xc9\t\x02\x04\x01`\x05\xcb\t\x03\x05\x01`\x05\xce\t\x04\x06\x02p\x03\xd2\t\x06`\x05\xd2\t\x06\a\x02p\x03\xd8\t\a`\x05\xd8\t\a\b\x02p\x03\xdf\t\b`\x05\xdf\t\b\t\x02p\x03\xe7\t\a`" +
	"\x05\xe7\t\a\n\x02p\x03\xee\t\b`\x05\xee\t\b\v\x02p\x03\xf6\t\t`\x05\xf6\t\t\f\x02p\x03\xff\t\a`\x05\xff\t\a\r\x02p\x03\x86\n\b`\x05\x86\n\b\x0e\x02p\x03\x8e\n\t`\x05\x8e\n\t" +
	"\x01\x00\x04\x01\x00\x04\x04\x01\x05\x02\a\x01\b\x01\t\x01\n\x03\r\x03\x97\n\x03\x11\x03\x14\x03\x17\x01\x18\x02\x1a\x01\x01\x00\x04\x1b\t\x01\x00\x04\x9a\n\b\x01\x00\x04*\x03\x01\x00\x04\x02-\n\xd4\b\fN\b\xd4\b\f\x01" +
	"\x00\x04\x01`\x05e\a\x01\x00\x04\x02l\x04\f\x03\x04\xb3\x05\x03\xa2\n\x0e\xc0\x05\x04\xb0\n\fp\x03\xbc\n\x0e`\x05\xa2\n\x0e\x04\x04\xb3\x05\x03\xca\n\x0f\xc0\x05\x04\xd9\n\rp\x03\xe6\n\x0f`\x05\xca\n\x0f\x05\x04" +
	"\xb3\x05\x03\xf5\n\x10\xc0\x05\x04\x85\v\x0ep\x03\x93\v\x10`\x05\xf5\n\x10\x06\x04\xb3\x05\x03\xa3\v\x10\xc0\x05\x04\xb3\v\x12p\x03\xc5\v\x0e`\x05\xd3\v\x10\a\x04\xb3\x05\x03\xe3\v\x11\xc0\x05\x04\xf4\v\x13p\x03\x87\f" +
	"\x0f`\x05\x96\f\x11\b\x04\xb3\x05\x03\xa7\f\x12\xc0\x05\x04\xb9\f\x14p\x03\xcd\f\x10`\x05\xdd\f\x12\t\x04\xb3\x05\x03\xef\f\x12\xc0\x05\x04\x81\r\x14p\x03\x95\r\x10`\x05\xa5\r\x12\n\x04\xb3\x05\x03\xb7\r\x13\xc0\x05" +
	"\x04\xca\r\x15p\x03\xdf\r\x11`\x05\xf0\r\x13\v\x04\xb3\x05\x03\x83\x0e\x14\xc0\x05\x04\x97\x0e\x16p\x03\xad\x0e\x12`\x05\xbf\x0e\x14\f\x04\xb3\x05\x03\xd3\x0e\x12\xc0\x05\x04\xe5\x0e\x14p\x03\xf9\x0e\x10`\x05\x89\x0f\x12\r\x04" +
	"\xb3\x05\x03\x9b\x0f\x13\xc0\x05\x04\xae\x0f\x15p\x03\xc3\x0f\x11`\x05\xd4\x0f\x13\x0e\x04\xb3\x05\x03\xe7\x0f\x14\xc0\x05\x04\xfb\x0f\x16p\x03\x91\x10\x12`\x05\xa3\x10\x14\xeb\x01\x05\f\x03\x02p\x03\xb7\x10\f`\x05\xb7\x10\f\x04\x02" +
	"p\x03\xc3\x10\r`\x05\xc3\x10\r\x05\x02p\x03\xd0\x10\x0e`\x05\xd0\x10\x0e\x06\x02p\x03\xde\x10\t`\x05\xde\x10\t\a\x02p\x03\xe7\x10\n`\x05\xe7\x10\n\b\x02p\x03\xf1\x10\v`\x05\xf1\x10\v\t\x02p\x03\xfc\x10" +
	"\v`\x05\xfc\x10\v\n\x02p\x03\x87\x11\f`\x05\x87\x11\f\v\x02p\x03\x93\x11\r`\x05\x93\x11\r\f\x02p\x03\xa0\x11\v`\x05\xa0\x11\v\r\x02p\x03\xab\x11\f`\x05\xab\x11\f\x0e\x02p\x03\xb7\x11\r`\x05\xb7" +
	"\x11\r\x01\x00\x04\x01\x00\x04\x04\x01\x05\x02\a\x01\b\x01\t\x01\n\x03\r\x03\x10\x01\x11\x03\x14\x03\x17\x01\x18\x02\x1a\x01\x01\x00\x04\x1b\t\x01\x00\x04$\x06\x01\x00\x04*\x03\x01\x00\x04\x02-\n\xc4\x11\x1bN\b\xd4\b\f\x01" +
	"\x00\x04\x01`\x05e\a\x01\x00\x04\x02l\x04\f\x03\x02p\x03\xdf\x11\v`\x05\xea\x11\x0e\x04\x02p\x03\xf8\x11\x0f`\x05\xf8\x11\x0f\x05\x02p\x03\x87\x12\x10`\x05\x87\x12\x10\x06\x02p\x03\x97\x12\x0e`\x05\xa5\x12\x10\a\x02" +
	"p\x03\xb5\x12\x11`\x05\xb5\x12\x11\b\x02p\x03\xc6\x12\x12`\x05\xc6\x12\x12\t\x02p\x03\xd8\x12\x10`\x05\xe8\x12\x12\n\x02p\x03\xfa\x12\x13`\x05\xfa\x12\x13\v\x02p\x03\x8d\x13\x14`\x05\x8d\x13\x14\f\x02p\x03\xa1\x13" +
	"\x10`\x05\xb1\x13\x12\r\x02p\x03\xc3\x13\x13`\x05\xc3\x13\x13\x0e\x02p\x03\xd6\x13\x14`\x05\xd6\x13\x14\xeb\x01\x05\f\x03\x02p\x03\xea\x13\f`\x05\xea\x13\f\x04\x02p\x03\xf6\x13\r`\x05\xf6\x13\r\x05\x02p\x03\x83\x14" +
	"\x0e`\x05\x83\x14\x0e\x06\x02p\x03\x91\x14\f`\x05\x91\x14\f\a\x02p\x03\x9d\x14\r`\x05\x9d\x14\r\b\x02p\x03\xaa\x14\x0e`\x05\xaa\x14\x0e\t\x02p\x03\xb8\x14\x0e`\x05\xb8\x14\x0e\n\x02p\x03\xc6\x14\x0f`\x05\xc6" +
	"\x14\x0f\v\x02p\x03\xd5\x14\x10`\x05\xd5\x14\x10\f\x02p\x03\xe5\x14\x0e`\x05\xe5\x14\x0e\r\x02p\x03\xf3\x14\x0f`\x05\xf3\x14\x0f\x0e\x02p\x03\x82\x15\x10`\x05\x82\x15\x10\x01\x92\x15\x04\x02\x92\x15\x04\xb5\x02\x01\x04\x01\a" +
	"\x01\b\x01\t\x01\n\x03\r\x03\x10\x01\x11\x03\x14\x03\x17\x01\x18\x02\x1a\x01\x00\x04\xb5\x02\x01\x04\x01\a\x01\b\x01\t\x01\n\x03\r\x03\x10\x01\x11\x03\x14\x03\x17\x01\x18\x02\x1a\x01\x02\x92\x15\x04\x96\x15\f\x00\x04\x96\x15\f\x02\x92" +
	"\x15\x04$\x06\x00\x04\xa2\x15\t\x02\x92\x15\x04*\x03\x00\x04*\x03\x02\x92\x15\x04\x02-\n\xab\x15\x1dN\b\xc8\x15\r\x00\x04\x02-\n\xab\x15\x1dN\b\xc8\x15\r\x02\x92\x15\x04\x01`\x05e\a\x00\x04\x01`\x05e\a\x02" +
	"\x92\x15\x04\x02l\x04\f\x03\x02p\x03\xd5\x15\x11`\x05\xd5\x15\x11\x04\x02p\x03\xe6\x15\x12`\x05\xe6\x15\x12\x05\x02p\x03\xf8\x15\v`\x05\xf8\x15\v\x06\x02p\x03\x83\x16\f`\x05\x83\x16\f\a\x02p\x03\x8f\x16\x0e`\x05" +
	"\x8f\x16\x0e\b\x02p\x03\x9d\x16\x0f`\x05\x9d\x16\x0f\t\x02p\x03\xac\x16\x10`\x05\xac\x16\x10\n\x02p\x03\xbc\x16\x11`\x05\xbc\x16\x11\v\x02p\x03\xcd\x16\x12`\x05\xcd\x16\x12\f\x02p\x03\xdf\x16\x18`\x05\xdf\x16\x18\r" +
	"\x02p\x03\xf7\x16\x19`\x05\xf7\x16\x19\x0e\x02p\x03\x90\x17\x1a`\x05\x90\x17\x1a\xeb\x01\x05\f\x03\x02p\x03\xaa\x17\t`\x05\xaa\x17\t\x04\x02p\x03\xb3\x17\n`\x05\xb3\x17\n\x05\x02p\x03\xbd\x17\t`\x05\xbd\x17\t\x06" +
	"\x02p\x03\xc6\x17\n`\x05\xc6\x17\n\a\x02p\x03\xd0\x17\t`\x05\xd0\x17\t\b\x02p\x03\xd9\x17\n`\x05\xd9\x17\n\t\x02p\x03\xe3\x17\v`\x05\xe3\x17\v\n\x02p\x03\xee\x17\x11`\x05\xff\x17\x0f\v\x02p\x03\x8e" +
	"\x18\a`\x05\x8e\x18\a\f\x02p\x03\x95\x18\x15`\x05\x95\x18\x15\r\x02p\x03\xaa\x18\x16`\x05\xaa\x18\x16\x0e\x02p\x03\xc0\x18\x17`\x05\xc0\x18\x17\x00\x04\x02l\x04\f\x03\x02p\x03\xd5\x15\x11`\x05\xd5\x15\x11\x04\x02p" +
	"\x03\xe6\x15\x12`\x05\xe6\x15\x12\x05\x02p\x03\xf8\x15\v`\x05\xf8\x15\v\x06\x02p\x03\x83\x16\f`\x05\x83\x16\f\a\x02p\x03\x8f\x16\x0e`\x05\x8f\x16\x0e\b\x02p\x03\x9d\x16\x0f`\x05\x9d\x16\x0f\t\x02p\x03\xac\x16\x10" +
	"`\x05\xac\x16\x10\n\x02p\x03\xbc\x16\x11`\x05\xbc\x16\x11\v\x02p\x03\xcd\x16\x12`\x05\xcd\x16\x12\f\x02p\x03\xdf\x16\x18`\x05\xdf\x16\x18\r\x02p\x03\xf7\x16\x19`\x05\xf7\x16\x19\x0e\x02p\x03\x90\x17\x1a`\x05\x90\x17" +
	"\x1a\xeb\x01\x05\f\x03\x02p\x03\xaa\x17\t`\x05\xaa\x17\t\x04\x02p\x03\xb3\x17\n`\x05\xb3\x17\n\x05\x02p\x03\xbd\x17\t`\x05\xbd\x17\t\x06\x02p\x03\xc6\x17\n`\x05\xc6\x17\n\a\x02p\x03\xd0\x17\t`\x05\xd0\x17" +
	"\t\b\x02p\x03\xd9\x17\n`\x05\xd9\x17\n\t\x02p\x03\xe3\x17\v`\x05\xe3\x17\v\n\x02p\x03\xee\x17\x11`\x05\xff\x17\x0f\v\x02p\x03\x8e\x18\a`\x05\x8e\x18\a\f\x02p\x03\x95\x18\x15`\x05\x95\x18\x15\r\x02p" +
	"\x03\xaa\x18\x16`\x05\xaa\x18\x16\x0e\x02p\x03\xc0\x18\x17`\x05\xc0\x18\x17\x01\x92\x15\x04\x02\x92\x15\x04\xb5\x02\x01\x04\x01\a\x01\b\x01\t\x01\n\x03\r\x03\x10\x01\x11\x03\x14\x03\x17\x01\x18\x02\x1a\x01\x00\x04\xb5\x02\x01\x04\x01\a" +
	"\x01\b\x01\t\x01\n\x03\r\x03\x10\x01\x11\x03\x14\x03\x17\x01\x18\x02\x1a\x01\x02\x92\x15\x04\x96\x15\f\x00\x04\x96\x15\f\x02\x92\x15\x04$\x06\x00\x04\xa2\x15\t\x02\x92\x15\x04*\x03\x00\x04*\x03\x02\x92\x15\x04\x02-\n\xd7\x18\x1d" +
	"N\b\xf4\x18\r\x00\x04\x02-\n\xd7\x18\x1dN\b\xf4\x18\r\x02\x92\x15\x04\x01`\x05e\a\x00\x04\x01`\x05e\a\x02\x92\x15\x04\x02l\x04\f\x03\x02p\x03\xd5\x15\x11`\x05\xd5\x15\x11\x04\x02p\x03\xe6\x15\x12`\x05\xe6" +
	"\x15\x12\x05\x02p\x03\xf8\x15\v`\x05\xf8\x15\v\x06\x02p\x03\x83\x16\f`\x05\x83\x16\f\a\x02p\x03\x8f\x16\x0e`\x05\x8f\x16\x0e\b\x02p\x03\x9d\x16\x0f`\x05\x9d\x16\x0f\t\x02p\x03\xac\x16\x10`\x05\xac\x16\x10\n\x02" +
	"p\x03\xbc\x16\x11`\x05\xbc\x16\x11\v\x02p\x03\xcd\x16\x12`\x05\xcd\x16\x12\f\x02p\x03\xdf\x16\x18`\x05\xdf\x16\x18\r\x02p\x03\xf7\x16\x19`\x05\xf7\x16\x19\x0e\x02p\x03\x90\x17\x1a`\x05\x90\x17\x1a\xeb\x01\x05\f\x03\x02" +
	"p\x03\xaa\x17\t`\x05\xaa\x17\t\x04\x02p\x03\xb3\x17\n`\x05\xb3\x17\n\x05\x02p\x03\xbd\x17\t`\x05\xbd\x17\t\x06\x02p\x03\xc6\x17\n`\x05\xc6\x17\n\a\x02p\x03\xd0\x17\t`\x05\xd0\x17\t\b\x02p\x03\xd9\x17" +
	"\n`\x05\xd9\x17\n\t\x02p\x03\xe3\x17\v`\x05\xe3\x17\v\n\x02p\x03\xee\x17\x11`\x05\xff\x17\x0f\v\x02p\x03\x8e\x18\a`\x05\x8e\x18\a\f\x02p\x03\x95\x18\x15`\x05\x95\x18\x15\r\x02p\x03\xaa\x18\x16`\x05\xaa" +
	"\x18\x16\x0e\x02p\x03\xc0\x18\x17`\x05\xc0\x18\x17\x00\x04\x02l\x04\f\x03\x02p\x03\xd5\x15\x11`\x05\xd5\x15\x11\x04\x02p\x03\xe6\x15\x12`\x05\xe6\x15\x12\x05\x02p\x03\xf8\x15\v`\x05\xf8\x15\v\x06\x02p\x03\x83\x16\f`" +
	"\x05\x83\x16\f\a\x02p\x03\x8f\x16\x0e`\x05\x8f\x16\x0e\b\x02p\x03\x9d\x16\x0f`\x05\x9d\x16\x0f\t\x02p\x03\xac\x16\x10`\x05\xac\x16\x10\n\x02p\x03\xbc\x16\x11`\x05\xbc\x16\x11\v\x02p\x03\xcd\x16\x12`\x05\xcd\x16\x12" +
	"\f\x02p\x03\xdf\x16\x18`\x05\xdf\x16\x18\r\x02p\x03\xf7\x16\x19`\x05\xf7\x16\x19\x0e\x02p\x03\x90\x17\x1a`\x05\x90\x17\x1a\xeb\x01\x05\f\x03\x02p\x03\xaa\x17\t`\x05\xaa\x17\t\x04\x02p\x03\xb3\x17\n`\x05\xb3\x17\n" +
	"\x05\x02p\x03\xbd\x17\t`\x05\xbd\x17\t\x06\x02p\x03\xc6\x17\n`\x05\xc6\x17\n\a\x02p\x03\xd0\x17\t`\x05\xd0\x17\t\b\x02p\x03\xd9\x17\n`\x05\xd9\x17\n\t\x02p\x03\xe3\x17\v`\x05\xe3\x17\v\n\x02p\x03" +
	"\xee\x17\x11`\x05\xff\x17\x0f\v\x02p\x03\x8e\x18\a`\x05\x8e\x18\a\f\x02p\x03\x95\x18\x15`\x05\x95\x18\x15\r\x02p\x03\xaa\x18\x16`\x05\xaa\x18\x16\x0e\x02p\x03\xc0\x18\x17`\x05\xc0\x18\x17\x01\x00\x04\x01\x00\x04\x04\x01" +
	"\xb5\x02\x01\a\x01\b\x01\t\x01\n\x03\r\x03\x10\x01\t\x01\x14\x03\x17\x01\x18\x02\x1a\x01\x01\x00\x04\x1b\t\x01\x00\x04\x9a\n\b\x01\x00\x04*\x03\x01\x00\x04\x02-\n\xc4\x11\x1bN\b\xd4\b\f\x01\x00\x04\x01`\x05e\a\x01" +
	"\x00\x04\x02l\x04\f\x03\x02p\x03\x81\x19\a`\x05\x88\x19\b\x04\x02p\x03\x90\x19\t`\x05\x90\x19\t\x05\x02p\x03\x99\x19\n`\x05\x99\x19\n\x06\x02p\x03\xa3\x19\b`\x05\xab\x19\t\a\x02p\x03\xb4\x19\n`\x05\xb4" +
	"\x19\n\b\x02p\x03\xbe\x19\v`\x05\xbe\x19\v\t\x02p\x03\xc9\x19\x12`\x05\xdb\x19\x13\n\x02p\x03\xee\x19\x14`\x05\xee\x19\x14\v\x02p\x03\x82\x1a\x15`\x05\x82\x1a\x15\f\x02p\x03\x97\x1a\b`\x05\x9f\x1a\t\r\x02" +
	"p\x03\xa8\x1a\n`\x05\xa8\x1a\n\x0e\x02p\x03\xb2\x1a\v`\x05\xb2\x1a\v\xeb\x01\x05\f\x03\x02p\x03\xf0\x01\x04`\x05\xf0\x01\x04\x04\x02p\x03\xf4\x01\x05`\x05\xf4\x01\x05\x05\x02p\x03\xf9\x01\x06`\x05\xf9\x01\x06\x06\x02" +
	"p\x03\xbd\x1a\x04`\x05\xbd\x1a\x04\a\x02p\x03\xc1\x1a\x05`\x05\xc1\x1a\x05\b\x02p\x03\xc6\x1a\x06`\x05\xc6\x1a\x06\t\x02p\x03\xcc\x1a\a`\x05\xcc\x1a\a\n\x02p\x03\xd3\x1a\x06`\x05\xd3\x1a\x06\v\x02p\x03\xd9\x1a" +
	"\a`\x05\xd9\x1a\a\f\x02p\x03\xe0\x1a\x04`\x05\xe0\x1a\x04\r\x02p\x03\xe4\x1a\x05`\x05\xe4\x1a\x05\x0e\x02p\x03\xe9\x1a\x06`\x05\xe9\x1a\x06\x01\x00\x04\x01\x00\x04\x04\x01\x05\x02\a\x01\b\x01\t\x01\n\x03\r\x03\x10\x01" +
	"\x11\x03\x14\x03\x17\x01\x18\x02\x1a\x01\x01\x00\x04\x1b\t\x01\x00\x04\x9a\n\b\x01\x00\x04*\x03\x01\x00\x04\x02-\n\xd4\b\fN\b\xd4\b\f\x01\x00\x04\x01`\x05e\a\x01\x00\x04\x02l\x04\f\x03\x04\xb3\x05\x03\xef\x1a\t\xc0" +
	"\x05\x04\xef\x1a\tp\x03\xf8\x1a\b`\x05\xf8\x1a\b\x04\x04\xb3\x05\x03\x80\x1b\t\xc0\x05\x04\x89\x1b\np\x03\x80\x1b\t`\x05\x80\x1b\t\x05\x04\xb3\x05\x03\x93\x1b\n\xc0\x05\x04\x9d\x1b\vp\x03\x93\x1b\n`\x05\x93\x1b\n\x06" +
	"\x04\xb3\x05\x03\xa8\x1b\t\xc0\x05\x04\xb1\x1b\tp\x03\xba\x1b\b`\x05\xc2\x1b\n\a\x04\xb3\x05\x03\xcc\x1b\v\xc0\x05\x04\xd7\x1b\np\x03\xcc\x1b\v`\x05\xcc\x1b\v\b\x04\xb3\x05\x03\xe1\x1b\f\xc0\x05\x04\xed\x1b\vp\x03\xe1" +
	"\x1b\f`\x05\xe1\x1b\f\t\x04\xb3\x05\x03\xf8\x1b\n\xc0\x05\x04\xf8\x1b\np\x03\x82\x1c\n`\x05\x8c\x1c\t\n\x04\xb3\x05\x03\x95\x1c\n\xc0\x05\x04\x9f\x1c\vp\x03\x95\x1c\n`\x05\x95\x1c\n\v\x04\xb3\x05\x03\xaa\x1c\v\xc0" +
	"\x05\x04\xb5\x1c\fp\x03\xaa\x1c\v`\x05\xaa\x1c\v\f\x04\xb3\x05\x03\xc1\x1c\t\xc0\x05\x04\xca\x1c\tp\x03\xd3\x1c\b`\x05\xdb\x1c\n\r\x04\xb3\x05\x03\xe5\x1c\v\xc0\x05\x04\xf0\x1c\np\x03\xe5\x1c\v`\x05\xe5\x1c\v\x0e" +
	"\x04\xb3\x05\x03\xfa\x1c\f\xc0\x05\x04\x86\x1d\vp\x03\xfa\x1c\f`\x05\xfa\x1c\f\xeb\x01\x05\f\x03\x02p\x03\x91\x1d\t`\x05\x91\x1d\t\x04\x02p\x03\x9a\x1d\n`\x05\x9a\x1d\n\x05\x02p\x03\xa4\x1d\v`\x05\xa4\x1d\v\x06" +
	"\x02p\x03\xaf\x1d\t`\x05\xaf\x1d\t\a\x02p\x03\xb8\x1d\n`\x05\xb8\x1d\n\b\x02p\x03\xc2\x1d\v`\x05\xc2\x1d\v\t\x02p\x03\xcd\x1d\t`\x05\xcd\x1d\t\n\x02p\x03\xd6\x1d\n`\x05\xd6\x1d\n\v\x02p\x03\xe0" +
	"\x1d\v`\x05\xe0\x1d\v\f\x02p\x03\xeb\x1d\t`\x05\xeb\x1d\t\r\x02p\x03\xf4\x1d\n`\x05\xf4\x1d\n\x0e\x02p\x03\xfe\x1d\v`\x05\xfe\x1d\v\x01\x00\x04\x01\x00\x04\xb5\x02\x01\x04\x01\a\x01\b\x01\t\x01\n\x03\r\x03" +
	"\x10\x01\x11\x03\x14\x03\x17\x01\x18\x02\x1a\x01\x01\x00\x04\x1b\t\x01\x00\x04$\x06\x01\x00\x04*\x03\x01\x00\x04\x02-\n7\x17N\bV\n\x01\x00\x04\x01`\x05e\a\x01\x00\x04\x02l\x04\f\x03\x06\xb3\x05\x03\xc9\t\x02\xc0\x05" +
	"\x04\xc9\t\x02p\x03\x89\x1e\x05`\x05\x89\x1e\x05\xcc\x05\x03\xc9\t\x02\xcf\x05\x04\x89\x1e\x05\x04\x06\xb3\x05\x03\xcb\t\x03\xc0\x05\x04\xcb\t\x03p\x03\x8e\x1e\x06`\x05\x8e\x1e\x06\xcc\x05\x03\xcb\t\x03\xcf\x05\x04\xcb\t\x03\x05\x06" +
	"\xb3\x05\x03\xce\t\x04\xc0\x05\x04\xce\t\x04p\x03\x94\x1e\a`\x05\x94\x1e\a\xcc\x05\x03\xce\t\x04\xcf\x05\x04\xce\t\x04\x06\x02p\x03\x9b\x1e\b`\x05\x9b\x1e\b\a\x02p\x03\xa3\x1e\t`\x05\xa3\x1e\t\b\x02p\x03\xac\x1e" +
	"\n`\x05\xac\x1e\n\t\x02p\x03\xb6\x1e\b`\x05\xb6\x1e\b\n\x02p\x03\xbe\x1e\t`\x05\xbe\x1e\t\v\x02p\x03\xc7\x1e\n`\x05\xc7\x1e\n\f\x02p\x03\xd1\x1e\t`\x05\xd1\x1e\t\r\x02p\x03\xda\x1e\n`\x05\xda" +
	"\x1e\n\x0e\x02p\x03\xe4\x1e\x04`\x05\xe8\x1e\v\xeb\x01\x05\f\x03\x01`\x05\xc9\t\x02\x04\x01`\x05\xcb\t\x03\x05\x01`\x05\xce\t\x04\x06\x01`\x05\xf3\x1e\x02\a\x01`\x05\xf5\x1e\x03\b\x01`\x05\xf8\x1e\x04\t\x02p\x03" +
	"\xfc\x1e\x02`\x05\xfc\x1e\x02\n\x02p\x03\xfe\x1e\x03`\x05\xfe\x1e\x03\v\x02p\x03\x81\x1f\x04`\x05\x81\x1f\x04\f\x01`\x05\x85\x1f\x02\r\x01`\x05\x87\x1f\x03\x0e\x01`\x05\xe4\x1e\x04\x01\x00\x04\x01\x00\x04\x04\x01\xb5\x02\x01" +
	"\a\x01\b\x01\t\x01\n\x03\r\x03\x10\x01\t\x01\x14\x03\x17\x01\x18\x02\xb5\x02\x01\x01\x00\x04\x1b\t\x01\x00\x04\x9a\n\b\x01\x00\x04*\x03\x01\x00\x04\x02-\n\xd4\b\fN\b\xd4\b\f\x01\x00\x04\x01`\x05e\a\x01\x00\x04" +
	"\x02l\x04\f\x03\x02p\x03\x8a\x1f\b`\x05\x8a\x1f\b\x04\x02p\x03\x92\x1f\t`\x05\x92\x1f\t\x05\x02p\x03\x9b\x1f\n`\x05\x9b\x1f\n\x06\x02p\x03\xa5\x1f\t`\x05\xae\x1f\v\a\x02p\x03\xb9\x1f\f`\x05\xb9\x1f\f" +
	"\b\x02p\x03\xc5\x1f\r`\x05\xc5\x1f\r\t\x02p\x03\xd2\x1f\n`\x05\xdc\x1f\f\n\x02p\x03\xe8\x1f\r`\x05\xe8\x1f\r\v\x02p\x03\xf5\x1f\x0e`\x05\xf5\x1f\x0e\f\x02p\x03\x83 \t`\x05\x8c \v\r\x02p\x03" +
	"\x97 \f`\x05\x97 \f\x0e\x02p\x03\xa3 \r`\x05\xa3 \r\xeb\x01\x05\f\x03\x02p\x03\xb0 \x04`\x05\xb0 \x04\x04\x02p\x03\xb4 \x05`\x05\xb4 \x05\x05\x02p\x03\xb9 \x06`\x05\xb9 \x06\x06\x02p\x03" +
	"\xbf \t`\x05\xbf \t\a\x02p\x03\xc8 \n`\x05\xc8 \n\b\x02p\x03\xd2 \v`\x05\xd2 \v\t\x02p\x03\xdd \t`\x05\xdd \t\n\x02p\x03\xe6 \n`\x05\xe6 \n\v\x02p\x03\xf0 \v`" +
	"\x05\xf0 \v\f\x02p\x03\xfb \t`\x05\xfb \t\r\x02p\x03\x84!\n`\x05\x84!\n\x0e\x02p\x03\x8e!\v`\x05\x8e!\v\x01\x00\x04\x01\x00\x04\x04\x01\xb5\x02\x01\a\x01\b\x01\t\x01\n\x03\r\x03\x97\n\x03" +
	"\x11\x03\x14\x03\x17\x01\x99!\x02\x1a\x01\x01\x00\x04\x1b\t\x01\x00\x04\x9a\n\b\x01\x00\x04*\x03\x01\x00\x04\x02-\n\xd4\b\fN\b\xd4\b\f\x01\x00\x04\x01`\x05e\a\x01\x00\x04\x02l\x04\f\x03\x02p\x03\x9b!\t`" +
	"\x05\x9b!\t\x04\x02p\x03\xa4!\n`\x05\xa4!\n\x05\x02p\x03\xae!\v`\x05\xae!\v\x06\x02p\x03\xb9!\t`\x05\xc2!\v\a\x02p\x03\xcd!\f`\x05\xcd!\f\b\x02p\x03\xd9!\r`\x05\xd9!\r" +
	"\t\x02p\x03\xe6!\v`\x05\xf1!\f\n\x02p\x03\xfd!\r`\x05\xfd!\r\v\x02p\x03\x8a\"\x0e`\x05\x8a\"\x0e\f\x02p\x03\x98\"\t`\x05\xa1\"\v\r\x02p\x03\xac\"\f`\x05\xac\"\f\x0e\x02p\x03" +
	"\xb8\"\r`\x05\xb8\"\r\xeb\x01\x05\f\x03\x02p\x03\xc5\"\x01`\x05\xc5\"\x01\x04\x02p\x03\xc5\"\x01`\x05\xc5\"\x01\x05\x02p\x03\xc5\"\x01`\x05\xc5\"\x01\x06\x02p\x03\xc6\"\t`\x05\xc6\"\t\a\x02p\x03" +
	"\xcf\"\n`\x05\xcf\"\n\b\x02p\x03\xd9\"\v`\x05\xd9\"\v\t\x02p\x03\xe4\"\t`\x05\xe4\"\t\n\x02p\x03\xed\"\n`\x05\xed\"\n\v\x02p\x03\xf7\"\v`\x05\xf7\"\v\f\x02p\x03\x82#\t`" +
	"\x05\x82#\t\r\x02p\x03\x8b#\n`\x05\x8b#\n\x0e\x02p\x03\x95#\v`\x05\x95#\v\x01\x00\x04\x01\x00\x04\x04\x01\x05\x02\a\x01\b\x01\t\x01\n\x03\r\x03\x97\n\x03\x11\x03\x14\x03\x17\x01\x99!\x02\x1a\x01\x01\x00" +
	"\x04\x1b\t\x01\x00\x04\x9a\n\b\x01\x00\x04*\x03\x01\x00\x04\x02-\n\xa0#\fN\b\xa0#\f\x01\x00\x04\x01`\x05e\a\x01\x00\x04\x02l\x04\f\x03\x02p\x03\x9b!\t`\x05\x9b!\t\x04\x02p\x03\xa4!\n`\x05" +
	"\xa4!\n\x05\x02p\x03\xae!\v`\x05\xae!\v\x06\x02p\x03\xb9!\t`\x05\xc2!\v\a\x02p\x03\xcd!\f`\x05\xcd!\f\b\x02p\x03\xd9!\r`\x05\xd9!\r\t\x02p\x03\xe6!\v`\x05\xf1!\f\n" +
	"\x02p\x03\xfd!\r`\x05\xfd!\r\v\x02p\x03\x8a\"\x0e`\x05\x8a\"\x0e\f\x02p\x03\x98\"\t`\x05\xa1\"\v\r\x02p\x03\xac\"\f`\x05\xac\"\f\x0e\x02p\x03\xb8\"\r`\x05\xb8\"\r\xeb\x01\x05\f\x03" +
	"\x02p\x03\xc5\"\x01`\x05\xc5\"\x01\x04\x02p\x03\xc5\"\x01`\x05\xc5\"\x01\x05\x02p\x03\xc5\"\x01`\x05\xc5\"\x01\x06\x02p\x03\xc6\"\t`\x05\xc6\"\t\a\x02p\x03\xcf\"\n`\x05\xcf\"\n\b\x02p\x03\xd9" +
	"\"\v`\x05\xd9\"\v\t\x02p\x03\xe4\"\t`\x05\xe4\"\t\n\x02p\x03\xed\"\n`\x05\xed\"\n\v\x02p\x03\xf7\"\v`\x05\xf7\"\v\f\x02p\x03\x82#\t`\x05\x82#\t\r\x02p\x03\x8b#\n`\x05" +
	"\x8b#\n\x0e\x02p\x03\x95#\v`\x05\x95#\v\x01\x00\x04\x01\x00\x04\x04\x01\xb5\x02\x01\a\x01\b\x01\t\x01\n\x03\r\x03\x10\x01\x11\x03\x14\x03\xac#\x01\x18\x02\x1a\x01\x01\x00\x04\x1b\t\x01\x00\x04$\x06\x01\x00\x04*\x03" +
	"\x01\x00\x04\x02-\n\xd4\b\fN\b\xd4\b\f\x01\x00\x04\x01`\x05e\a\x01\x00\x04\x02l\x04\f\x03\x02p\x03\xad#\x10`\x05\xbd#\x12\x04\x02p\x03\xcf#\x13`\x05\xcf#\x13\x05\x02p\x03\xe2#\x14`\x05\xe2#" +
	"\x14\x06\x02p\x03\xf6#\x18`\x05\x8e$\x18\a\x02p\x03\xa6$\x19`\x05\xa6$\x19\b\x02p\x03\xbf$\x1a`\x05\xbf$\x1a\t\x02p\x03\xd9$\x1e`\x05\xf7$\x1e\n\x02p\x03\x95%\x1f`\x05\x95%\x1f\v\x02p" +
	"\x03\xb4% `\x05\xb4% \f\x02p\x03\xd4% `\x05\xf4% \r\x02p\x03\x94&!`\x05\x94&!\x0e\x02p\x03\xb5&\"`\x05\xb5&\"\xeb\x01\x05\f\x03\x02p\x03\xd7&\f`\x05\xd7&\f\x04\x02p" +
	"\x03\xe3&\r`\x05\xe3&\r\x05\x02p\x03\xf0&\x0e`\x05\xf0&\x0e\x06\x02p\x03\xfe&\n`\x05\xfe&\n\a\x02p\x03\x88'\v`\x05\x88'\v\b\x02p\x03\x93'\f`\x05\x93'\f\t\x02p\x03\x9f'\f" +
	"`\x05\x9f'\f\n\x02p\x03\xab'\r`\x05\xab'\r\v\x02p\x03\xb8'\x0e`\x05\xb8'\x0e\f\x02p\x03\xc6'\x0e`\x05\xc6'\x0e\r\x02p\x03\xd4'\x0f`\x05\xd4'\x0f\x0e\x02p\x03\xe3'\x10`\x05\xe3'" +
	"\x10\x01\x00\x04\x01\x00\x04\xb5\x02\x01\x04\x01\a\x01\b\x01\t\x01\n\x03\r\x03\x10\x01\x11\x03\x14\x03\x17\x01\x18\x02\x1a\x01\x01\x00\x04\x1b\t\x01\x00\x04$\x06\x01\x00\x04*\x03\x01\x00\x04\x02-\n7\x17N\bV\n\x01\x00\x04" +
	"\x02p\x03e\a`\x05e\a\x01\x00\x04\x02l\x04\f\x03\x02p\x03\xf3'\n`\x05\xf3'\n\x04\x02p\x03\xfd'\v`\x05\xfd'\v\x05\x02p\x03\x88(\f`\x05\x88(\f\x06\x02p\x03\xa5\x1f\t`\x05\xa5\x1f\t" +
	"\a\x02p\x03\x94(\n`\x05\x94(\n\b\x02p\x03\x9e(\v`\x05\x9e(\v\t\x02p\x03\x83 \t`\x05\x83 \t\n\x02p\x03\xa9(\n`\x05\xa9(\n\v\x02p\x03\xb3(\v`\x05\xb3(\v\f\x02p\x03" +
	"\xbe(\n`\x05\xbe(\n\r\x02p\x03\xc8(\v`\x05\xc8(\v\x0e\x02p\x03\xd3(\f`\x05\xd3(\f\xeb\x01\x05\f\x03\x02p\x03\xc9\t\x02`\x05\xc9\t\x02\x04\x02p\x03\xcb\t\x03`\x05\xcb\t\x03\x05\x02p\x03" +
	"\xce\t\x04`\x05\xce\t\x04\x06\x02p\x03\xf3\x1e\x02`\x05\xf3\x1e\x02\a\x02p\x03\xf5\x1e\x03`\x05\xf5\x1e\x03\b\x02p\x03\xf8\x1e\x04`\x05\xf8\x1e\x04\t\x02p\x03\xfc\x1e\x02`\x05\xfc\x1e\x02\n\x02p\x03\xfe\x1e\x03`" +
	"\x05\xfe\x1e\x03\v\x02p\x03\x81\x1f\x04`\x05\x81\x1f\x04\f\x02p\x03\x85\x1f\x02`\x05\x85\x1f\x02\r\x02p\x03\x87\x1f\x03`\x05\x87\x1f\x03\x0e\x02p\x03\xe4\x1e\x04`\x05\xe4\x1e\x04\x01\x00\x04\x01\x00\x04\xb5\x02\x01\x04\x01\a" +
	"\x01\b\x01\t\x01\n\x03\r\x03\x10\x01\x11\x03\x14\x03\xac#\x01\x18\x02\x1a\x01\x01\x00\x04\x1b\t\x01\x00\x04$\x06\x01\x00\x04*\x03\x01\x00\x04\x02-\n7\x17N\bV\n\x01\x00\x04\x02p\x03e\a`\x05e\a\x01\x00\x04" +
	"\x02l\x04\f\x03\x02p\x03\xf3'\n`\x05\xf3'\n\x04\x02p\x03\xfd'\v`\x05\xfd'\v\x05\x02p\x03\x88(\f`\x05\x88(\f\x06\x02p\x03\xa5\x1f\t`\x05\xa5\x1f\t\a\x02p\x03\x94(\n`\x05\x94(\n" +
	"\b\x02p\x03\x9e(\v`\x05\x9e(\v\t\x02p\x03\x83 \t`\x05\x83 \t\n\x02p\x03\xa9(\n`\x05\xa9(\n\v\x02p\x03\xb3(\v`\x05\xb3(\v\f\x02p\x03\xbe(\n`\x05\xbe(\n\r\x02p\x03" +
	"\xc8(\v`\x05\xc8(\v\x0e\x02p\x03\xd3(\f`\x05\xd3(\f\xeb\x01\x05\f\x03\x02p\x03\xc9\t\x02`\x05\xc9\t\x02\x04\x02p\x03\xcb\t\x03`\x05\xcb\t\x03\x05\x02p\x03\xce\t\x04`\x05\xce\t\x04\x06\x02p\x03" +
	"\xf3\x1e\x02`\x05\xf3\x1e\x02\a\x02p\x03\xf5\x1e\x03`\x05\xf5\x1e\x03\b\x02p\x03\xf8\x1e\x04`\x05\xf8\x1e\x04\t\x02p\x03\xfc\x1e\x02`\x05\xfc\x1e\x02\n\x02p\x03\xfe\x1e\x03`\x05\xfe\x1e\x03\v\x02p\x03\x81\x1f\x04`" +
	"\x05\x81\x1f\x04\f\x02p\x03\x85\x1f\x02`\x05\x85\x1f\x02\r\x02p\x03\x87\x1f\x03`\x05\x87\x1f\x03\x0e\x02p\x03\xe4\x1e\x04`\x05\xe4\x1e\x04\x01\x00\x04\x01\x00\x04\xb5\x02\x01\x04\x01\a\x01\b\x01\t\x01\n\x03\r\x03\x10\x01\x11" +
	"\x03\x14\x03\x17\x01\x18\x02\x1a\x01\x01\x00\x04\x1b\t\x01\x00\x04$\x06\x01\x00\x04*\x03\x01\x00\x04\x02-\n7\x17N\bV\n\x01\x00\x04\x02p\x03e\a`\x05e\a\x01\x00\x04\x02l\x04\f\x03\x02p\x03\xf3'\n`\x05" +
	"\xf3'\n\x04\x02p\x03\xfd'\v`\x05\xfd'\v\x05\x02p\x03\x88(\f`\x05\x88(\f\x06\x02p\x03\xa5\x1f\t`\x05\xa5\x1f\t\a\x02p\x03\x94(\n`\x05\x94(\n\b\x02p\x03\x9e(\v`\x05\x9e(\v\t" +
	"\x02p\x03\x83 \t`\x05\x83 \t\n\x02p\x03\xa9(\n`\x05\xa9(\n\v\x02p\x03\xb3(\v`\x05\xb3(\v\f\x02p\x03\xbe(\n`\x05\xbe(\n\r\x02p\x03\xc8(\v`\x05\xc8(\v\x0e\x02p\x03\xd3" +
	"(\f`\x05\xd3(\f\xeb\x01\x05\f\x03\x02p\x03\xc9\t\x02`\x05\xc9\t\x02\x04\x02p\x03\xcb\t\x03`\x05\xcb\t\x03\x05\x02p\x03\xce\t\x04`\x05\xce\t\x04\x06\x02p\x03\xf3\x1e\x02`\x05\xf3\x1e\x02\a\x02p\x03\xf5" +
	"\x1e\x03`\x05\xf5\x1e\x03\b\x02p\x03\xf8\x1e\x04`\x05\xf8\x1e\x04\t\x02p\x03\xfc\x1e\x02`\x05\xfc\x1e\x02\n\x02p\x03\xfe\x1e\x03`\x05\xfe\x1e\x03\v\x02p\x03\x81\x1f\x04`\x05\x81\x1f\x04\f\x02p\x03\x85\x1f\x02`\x05" +
	"\x85\x1f\x02\r\x02p\x03\x87\x1f\x03`\x05\x87\x1f\x03\x0e\x02p\x03\xe4\x1e\x04`\x05\xe4\x1e\x04\x01\x00\x04\x01\x00\x04\xb5\x02\x01\x04\x01\a\x01\b\x01\t\x01\n\x03\r\x03\x10\x01\x11\x03\x14\x03\x17\x01\x18\x02\x1a\x01\x01\x00\x04\x1b" +
	"\t\x01\x00\x04$\x06\x01\x00\x04*\x03\x01\x00\x04\x02-\n7\x17N\bV\n\x01\x00\x04\x02p\x03e\a`\x05e\a\x01\x00\x04\x02l\x04\f\x03\x02p\x03\xf3'\n`\x05\xf3'\n\x04\x02p\x03\xfd'\v`\x05\xfd" +
	"'\v\x05\x02p\x03\x88(\f`\x05\x88(\f\x06\x02p\x03\xa5\x1f\t`\x05\xa5\x1f\t\a\x02p\x03\x94(\n`\x05\x94(\n\b\x02p\x03\x9e(\v`\x05\x9e(\v\t\x02p\x03\x83 \t`\x05\x83 \t\n\x02" +
	"p\x03\xa9(\n`\x05\xa9(\n\v\x02p\x03\xb3(\v`\x05\xb3(\v\f\x02p\x03\xbe(\n`\x05\xbe(\n\r\x02p\x03\xc8(\v`\x05\xc8(\v\x0e\x02p\x03\xd3(\f`\x05\xd3(\f\xeb\x01\x05\f\x03\x02" +
	"p\x03\xdf(\x02`\x05\xdf(\x02\x04\x02p\x03\xe1(\x03`\x05\xe1(\x03\x05\x02p\x03\xe4(\x04`\x05\xe4(\x04\x06\x02p\x03\xe8(\x02`\x05\xe8(\x02\a\x02p\x03\xea(\x03`\x05\xea(\x03\b\x02p\x03\xed(" +
	"\x04`\x05\xed(\x04\t\x02p\x03\xf1(\x03`\x05\xf1(\x03\n\x02p\x03\xf4(\x04`\x05\xf4(\x04\v\x02p\x03\xf8(\x05`\x05\xf8(\x05\f\x02p\x03\xfd(\x03`\x05\xfd(\x03\r\x02p\x03\x80)\x04`\x05\x80" +
	")\x04\x0e\x02p\x03\x84)\x05`\x05\x84)\x05\x01\x00\x04\x01\x00\x04\x04\x01\xb5\x02\x01\a\x01\b\x01\t\x01\n\x03\r\x03\x10\x01\t\x01\x14\x03\x17\x01\x18\x02\x1a\x01\x01\x00\x04\x1b\t\x01\x00\x04\x9a\n\b\x01\x00\x04*\x03\x01" +
	"\x00\x04\x02-\n\xd4\b\fN\b\xd4\b\f\x01\x00\x04\x01`\x05e\a\x01\x00\x04\x02l\x04\f\x03\x02p\x03\x89\x1e\x05`\x05\x89\x1e\x05\x04\x02p\x03\x8e\x1e\x06`\x05\x8e\x1e\x06\x05\x02p\x03\x94\x1e\a`\x05\x94\x1e\a" +
	"\x06\x02p\x03\x89)\t`\x05\x92)\n\a\x02p\x03\x9c)\v`\x05\x9c)\v\b\x02p\x03\xa7)\f`\x05\xa7)\f\t\x02p\x03\xb3)\x0e`\x05\xb3)\x0e\n\x02p\x03\xc1)\x0f`\x05\xc1)\x0f\v\x02p\x03" +
	"\xd0)\x10`\x05\xd0)\x10\f\x02p\x03\xe0)\t`\x05\xe9)\n\r\x02p\x03\xf3)\v`\x05\xf3)\v\x0e\x02p\x03\xfe)\f`\x05\xfe)\f\xeb\x01\x05\f\x03\x02p\x03\x8a*\x06`\x05\x8a*\x06\x04\x02p\x03" +
	"\x90*\a`\x05\x90*\a\x05\x02p\x03\x97*\b`\x05\x97*\b\x06\x02p\x03\xbd\x1a\x04`\x05\xbd\x1a\x04\a\x02p\x03\xc1\x1a\x05`\x05\xc1\x1a\x05\b\x02p\x03\xc6\x1a\x06`\x05\xc6\x1a\x06\t\x02p\x03\xcc\x1a\a`" +
	"\x05\xcc\x1a\a\n\x02p\x03\x9f*\n`\x05\x9f*\n\v\x02p\x03\xa9*\v`\x05\xa9*\v\f\x02p\x03\xe0\x1a\x04`\x05\xe0\x1a\x04\r\x02p\x03\xe4\x1a\x05`\x05\xe4\x1a\x05\x0e\x02p\x03\xe9\x1a\x06`\x05\xe9\x1a\x06" +
	"\x01\x00\x04\x01\x00\x04\xb5\x02\x01\x04\x01\a\x01\b\x01\t\x01\n\x03\r\x03\x10\x01\t\x01\x14\x03\x17\x01\x18\x02\x1a\x01\x01\x00\x04\x1b\t\x01\x00\x04$\x06\x01\x00\x04*\x03\x01\x00\x04\x02-\nV\nN\bV\n\x01\x00\x04\x01" +
	"`\x05e\a\x01\x00\x04\x02l\x04\f\x03\x02p\x03\x89\x1e\x05`\x05\x89\x1e\x05\x04\x02p\x03\x8e\x1e\x06`\x05\x8e\x1e\x06\x05\x02p\x03\x94\x1e\a`\x05\x94\x1e\a\x06\x02p\x03\x89)\t`\x05\x92)\n\a\x02p\x03\x9c" +
	")\v`\x05\x9c)\v\b\x02p\x03\xa7)\f`\x05\xa7)\f\t\x02p\x03\xb3)\x0e`\x05\xb3)\x0e\n\x02p\x03\xc1)\x0f`\x05\xc1)\x0f\v\x02p\x03\xd0)\x10`\x05\xd0)\x10\f\x02p\x03\xe0)\t`\x05" +
	"\xe9)\n\r\x02p\x03\xf3)\v`\x05\xf3)\v\x0e\x02p\x03\xfe)\f`\x05\xfe)\f\xeb\x01\x05\f\x03\x02p\x03\xb4*\x04`\x05\xb4*\x04\x04\x02p\x03\xf4\x01\x05`\x05\xf4\x01\x05\x05\x02p\x03\xf9\x01\x06`\x05" +
	"\xf9\x01\x06\x06\x02p\x03\xbd\x1a\x04`\x05\xbd\x1a\x04\a\x02p\x03\xc1\x1a\x05`\x05\xc1\x1a\x05\b\x02p\x03\xc6\x1a\x06`\x05\xc6\x1a\x06\t\x02p\x03\xcc\x1a\a`\x05\xcc\x1a\a\n\x02p\x03\x9f*\n`\x05\x9f*\n\v" +
	"\x02p\x03\xa9*\v`\x05\xa9*\v\f\x02p\x03\xe0\x1a\x04`\x05\xe0\x1a\x04\r\x02p\x03\xe4\x1a\x05`\x05\xe4\x1a\x05\x0e\x02p\x03\xe9\x1a\x06`\x05\xe9\x1a\x06\x01\x00\x04\x01\x00\x04\xb5\x02\x01\x04\x01\a\x01\b\x01\t\x01" +
	"\n\x03\r\x03\x10\x01\t\x01\x14\x03\x17\x01\x18\x02\x1a\x01\x01\x00\x04\x1b\t\x01\x00\x04$\x06\x01\x00\x04*\x03\x01\x00\x04\x02-\nV\nN\bV\n\x01\x00\x04\x01`\x05e\a\x01\x00\x04\x02l\x04\f\x03\x02p\x03\x89\x1e" +
	"\x05`\x05\x89\x1e\x05\x04\x02p\x03\x8e\x1e\x06`\x05\x8e\x1e\x06\x05\x02p\x03\x94\x1e\a`\x05\x94\x1e\a\x06\x02p\x03\x89)\t`\x05\x92)\n\a\x02p\x03\x9c)\v`\x05\x9c)\v\b\x02p\x03\xa7)\f`\x05\xa7" +
	")\f\t\x02p\x03\xb3)\x0e`\x05\xb3)\x0e\n\x02p\x03\xc1)\x0f`\x05\xc1)\x0f\v\x02p\x03\xd0)\x10`\x05\xd0)\x10\f\x02p\x03\xe0)\t`\x05\xe9)\n\r\x02p\x03\xf3)\v`\x05\xf3)\v\x0e\x02" +
	"p\x03\xfe)\f`\x05\xfe)\f\xeb\x01\x05\f\x03\x02p\x03\xf0\x01\x04`\x05\xf0\x01\x04\x04\x02p\x03\xf4\x01\x05`\x05\xf4\x01\x05\x05\x02p\x03\xf9\x01\x06`\x05\xf9\x01\x06\x06\x02p\x03\xbd\x1a\x04`\x05\xbd\x1a\x04\a\x02" +
	"p\x03\xc1\x1a\x05`\x05\xc1\x1a\x05\b\x02p\x03\xc6\x1a\x06`\x05\xc6\x1a\x06\t\x02p\x03\xcc\x1a\a`\x05\xcc\x1a\a\n\x02p\x03\x9f*\n`\x05\x9f*\n\v\x02p\x03\xa9*\v`\x05\xa9*\v\f\x02p\x03\xe0\x1a" +
	"\x04`\x05\xe0\x1a\x04\r\x02p\x03\xe4\x1a\x05`\x05\xe4\x1a\x05\x0e\x02p\x03\xe9\x1a\x06`\x05\xe9\x1a\x06\x01\x00\x04\x01\x00\x04\x04\x01\x05\x02\a\x01\b\x01\xb8*\x03\n\x03\r\x03\x97\n\x03\xbb*\x03\x14\x03\xbe*\x05\x18\x02" +
	"\x1a\x01\x01\x00\x04\x1b\t\x01\x00\x04$\x06\x01\x00\x04*\x03\x01\x00\x04\x02-\n\xc4\x11\x1bN\b\xd4\b\f\x01\x00\x04\x01`\x05e\a\x01\x00\x04\x02l\x04\f\x03\x02p\x03\xc3*\a`\x05\xc3*\a\x04\x02p\x03\xca*" +
	"\b`\x05\xca*\b\x05\x02p\x03\xd2*\t`\x05\xd2*\t\x06\x02p\x03\xdb*\b`\x05\xe3*\n\a\x02p\x03\xed*\v`\x05\xed*\v\b\x02p\x03\xf8*\f`\x05\xf8*\f\t\x02p\x03\xaf\x01\t`\x05\x84" +
	"+\v\n\x02p\x03\x8f+\f`\x05\x8f+\f\v\x02p\x03\x9b+\r`\x05\x9b+\r\f\x02p\x03\xa8+\t`\x05\xb1+\v\r\x02p\x03\xbc+\f`\x05\xbc+\f\x0e\x02p\x03\xc8+\r`\x05\xc8+\r\xeb\x01" +
	"\x05\f\x03\x02p\x03\xd5+\x06`\x05\xd5+\x06\x04\x02p\x03\xdb+\a`\x05\xdb+\a\x05\x02p\x03\xe2+\b`\x05\xe2+\b\x06\x02p\x03\xd2\t\x06`\x05\xd2\t\x06\a\x02p\x03\xd8\t\a`\x05\xd8\t\a\b\x02" +
	"p\x03\xdf\t\b`\x05\xdf\t\b\t\x02p\x03\xea+\x06`\x05\xea+\x06\n\x02p\x03\xf0+\a`\x05\xf0+\a\v\x02p\x03\xf7+\b`\x05\xf7+\b\f\x02p\x03\xff\t\a`\x05\xff\t\a\r\x02p\x03\x86\n" +
	"\b`\x05\x86\n\b\x0e\x02p\x03\x8e\n\t`\x05\x8e\n\t\x01\x00\x04\x01\x00\x04\x04\x01\xb5\x02\x01\a\x01\b\x01\xb8*\x03\n\x03\r\x03\x10\x01\t\x01\x14\x03\x17\x01\x18\x02\x1a\x01\x01\x00\x04\x1b\t\x01\x00\x04\xff+\b\x01" +
	"\x00\x04*\x03\x01\x00\x04\x02-\n\xc4\x11\x1bN\b\xd4\b\f\x01\x00\x04\x01`\x05e\a\x01\x00\x04\x02l\x04\f\x03\x02p\x03\xc5\"\x01`\x05\xc5\"\x01\x04\x02p\x03\xc5\"\x01`\x05\xc5\"\x01\x05\x02p\x03\xc5\"\x01" +
	"`\x05\xc5\"\x01\x06\x02p\x03\x87,\b`\x05\x87,\b\a\x02p\x03\x8f,\t`\x05\x8f,\t\b\x02p\x03\x98,\n`\x05\x98,\n\t\x02p\x03\xa2,\v`\x05\xa2,\v\n\x02p\x03\xad,\f`\x05\xad," +
	"\f\v\x02p\x03\xb9,\r`\x05\xb9,\r\f\x02p\x03\xc6,\b`\x05\xc6,\b\r\x02p\x03\xce,\t`\x05\xce,\t\x0e\x02p\x03\xd7,\n`\x05\xd7,\n\xeb\x01\x05\f\x03\x02p\x03\xc5\"\x01`\x05\xc5\"" +
	"\x01\x04\x02p\x03\xc5\"\x01`\x05\xc5\"\x01\x05\x02p\x03\xc5\"\x01`\x05\xc5\"\x01\x06\x02p\x03\xbd\x1a\x04`\x05\xbd\x1a\x04\a\x02p\x03\xc1\x1a\x05`\x05\xc1\x1a\x05\b\x02p\x03\xc6\x1a\x06`\x05\xc6\x1a\x06\t\x02p" +
	"\x03\xcc\x1a\a`\x05\xcc\x1a\a\n\x02p\x03\xe1,\b`\x05\xe1,\b\v\x02p\x03\xe9,\t`\x05\xe9,\t\f\x02p\x03\xe0\x1a\x04`\x05\xe0\x1a\x04\r\x02p\x03\xe4\x1a\x05`\x05\xe4\x1a\x05\x0e\x02p\x03\xe9\x1a\x06" +
	"`\x05\xe9\x1a\x06\x01\xf2,\a\x02\xf2,\a\xaf\b\x02\xb1\b\x02\xd2\b\x02\xde\x04\x04\xf9,\x06\xff,\n\r\x03\x10\x01\x11\x03\xbd\b\x02\x89-\a\x18\x02\x1a\x01\x00\x04\xb5\x02\x01\x04\x01\a\x01\xde\x04\x04\xf9,\x06\xff," +
	"\n\r\x03\x10\x01\x11\x03\x14\x03\x17\x01\x18\x02\x1a\x01\x02\xf2,\a\x1b\t\x00\x04\x1b\t\x02\xf2,\a$\x06\x00\x04$\x06\x02\xf2,\a*\x03\x00\x04*\x03\x02\xf2,\a\x02-\n\x90-!N\b\xb1-\r\x00\x04\x02-" +
	"\n\x90-!N\b\xbe-\x0f\x02\xf2,\a\x01`\x05e\a\x00\x04\x01`\x05e\a\x02\xf2,\a\x02l\x04\f\x03\x02p\x03\xcd-\n`\x05\xcd-\n\x04\x02p\x03\xd7-\v`\x05\xd7-\v\x05\x02p\x03\xe2-\f" +
	"`\x05\xe2-\f\x06\x02p\x03\xee-\x0e`\x05\xee-\x0e\a\x02p\x03\xfc-\x0f`\x05\xfc-\x0f\b\x02p\x03\x8b.\x10`\x05\x8b.\x10\t\x02p\x03\x9b.\x10`\x05\x9b.\x10\n\x02p\x03\xab.\x11`\x05\xab." +
	"\x11\v\x02p\x03\xbc.\x12`\x05\xbc.\x12\f\x02p\x03\xce.\x18`\x05\xce.\x18\r\x02p\x03\xe6.\x19`\x05\xe6.\x19\x0e\x02p\x03\xff.\x1a`\x05\xff.\x1a\xeb\x01\x05\f\x03\x02p\x03\x99/\v`\x05\x99/" +
	"\v\x04\x02p\x03\xa4/\f`\x05\xa4/\f\x05\x02p\x03\xb0/\r`\x05\xb0/\r\x06\x02p\x03\xbd/\x0f`\x05\xbd/\x0f\a\x02p\x03\xcc/\x10`\x05\xcc/\x10\b\x02p\x03\xdc/\x11`\x05\xdc/\x11\t\x02p" +
	"\x03\xed/\x11`\x05\xed/\x11\n\x02p\x03\xfe/\x12`\x05\xfe/\x12\v\x02p\x03\x900\x13`\x05\x900\x13\f\x02p\x03\xa30\x11`\x05\xa30\x11\r\x02p\x03\xb40\x12`\x05\xb40\x12\x0e\x02p\x03\xc60\x13" +
	"`\x05\xc60\x13\x00\x04\x02l\x04\f\x03\x02p\x03\xcd-\n`\x05\xcd-\n\x04\x02p\x03\xd7-\v`\x05\xd7-\v\x05\x02p\x03\xe2-\f`\x05\xe2-\f\x06\x02p\x03\xee-\x0e`\x05\xee-\x0e\a\x02p\x03\xfc" +
	"-\x0f`\x05\xfc-\x0f\b\x02p\x03\x8b.\x10`\x05\x8b.\x10\t\x02p\x03\x9b.\x10`\x05\x9b.\x10\n\x02p\x03\xab.\x11`\x05\xab.\x11\v\x02p\x03\xbc.\x12`\x05\xbc.\x12\f\x02p\x03\xce.\x18`\x05" +
	"\xce.\x18\r\x02p\x03\xe6.\x19`\x05\xe6.\x19\x0e\x02p\x03\xff.\x1a`\x05\xff.\x1a\xeb\x01\x05\f\x03\x02p\x03\x99/\v`\x05\x99/\v\x04\x02p\x03\xa4/\f`\x05\xa4/\f\x05\x02p\x03\xb0/\r`\x05" +
	"\xb0/\r\x06\x02p\x03\xbd/\x0f`\x05\xbd/\x0f\a\x02p\x03\xcc/\x10`\x05\xcc/\x10\b\x02p\x03\xdc/\x11`\x05\xdc/\x11\t\x02p\x03\xed/\x11`\x05\xed/\x11\n\x02p\x03\xfe/\x12`\x05\xfe/\x12\v" +
	"\x02p\x03\x900\x13`\x05\x900\x13\f\x02p\x03\xa30\x11`\x05\xa30\x11\r\x02p\x03\xb40\x12`\x05\xb40\x12\x0e\x02p\x03\xc60\x13`\x05\xc60\x13\x01\x00\x04\x01\x00\x04\x04\x01\x05\x02\a\x01\b\x01\xb8*\x03" +
	"\xd90\b\r\x03\x10\x01\x11\x03\x14\x03\x17\x01\x18\x02\xb5\x02\x01\x01\x00\x04\x1b\t\x01\x00\x04\x9a\n\b\x01\x00\x04*\x03\x01\x00\x04\x02-\n\xd4\b\fN\b\xd4\b\f\x01\x00\x04\x01`\x05e\a\x01\x00\x04\x02l\x04\f\x03" +
	"\x02p\x03\xc3*\a`\x05\xe10\t\x04\x02p\x03\xea0\n`\x05\xea0\n\x05\x02p\x03\xf40\v`\x05\xf40\v\x06\x02p\x03\xff0\n`\x05\x891\v\a\x02p\x03\x941\f`\x05\x941\f\b\x02p\x03\xa0" +
	"1\r`\x05\xa01\r\t\x02p\x03\xad1\n`\x05\xb71\v\n\x02p\x03\xc21\f`\x05\xc21\f\v\x02p\x03\xce1\r`\x05\xce1\r\f\x02p\x03\xdb1\n`\x05\xe51\v\r\x02p\x03\xf01\f`\x05" +
	"\xf01\f\x0e\x02p\x03\xfc1\r`\x05\xfc1\r\xeb\x01\x05\f\x03\x02p\x03\x892\a`\x05\x892\a\x04\x02p\x03\x902\b`\x05\x902\b\x05\x02p\x03\x982\t`\x05\x982\t\x06\x02p\x03\xa12\n`\x05" +
	"\xa12\n\a\x02p\x03\xab2\v`\x05\xab2\v\b\x02p\x03\xb62\f`\x05\xb62\f\t\x02p\x03\xc22\t`\x05\xc22\t\n\x02p\x03\xcb2\n`\x05\xcb2\n\v\x02p\x03\xd52\v`\x05\xd52\v\f" +
	"\x02p\x03\xe02\n`\x05\xe02\n\r\x02p\x03\xea2\v`\x05\xea2\v\x0e\x02p\x03\xf52\f`\x05\xf52\f\x01\x00\x04\x01\x00\x04\xb5\x02\x01\x04\x01\a\x01\b\x01\t\x01\n\x03\r\x03\x10\x01\t\x01\x14\x03\x17\x01" +
	"\x18\x02\x1a\x01\x01\x00\x04\x1b\t\x01\x00\x04$\x06\x01\x00\x04*\x03\x01\x00\x04\x02-\n7\x17N\bV\n\x01\x00\x04\x01`\x05e\a\x01\x00\x04\x02l\x04\f\x03\x02p\x03\x813\x06`\x05\x873\t\x04\x02p\x03\x903" +
	"\a`\x05\x973\n\x05\x02p\x03\xa13\b`\x05\xa93\v\x06\x02p\x03\xf2\b\b`\x05\xb43\v\a\x02p\x03\xfa\b\t`\x05\xbf3\f\b\x02p\x03\x83\t\n`\x05\xcb3\r\t\x02p\x03\xd83\b`\x05\xe0" +
	"3\v\n\x02p\x03\xeb3\t`\x05\xf43\f\v\x02p\x03\x804\n`\x05\x8a4\r\f\x02p\x03\xab\t\t`\x05\x974\f\r\x02p\x03\xb4\t\n`\x05\xa34\r\x0e\x02p\x03\xbe\t\v`\x05\xb04\x0e\xeb\x01" +
	"\x05\f\x03\x01`\x05\xc9\t\x02\x04\x01`\x05\xcb\t\x03\x05\x01`\x05\xce\t\x04\x06\x01`\x05\xf3\x1e\x02\a\x01`\x05\xf5\x1e\x03\b\x01`\x05\xf8\x1e\x04\t\x02p\x03\xfc\x1e\x02`\x05\xfc\x1e\x02\n\x02p\x03\xfe\x1e\x03`" +
	"\x05\xfe\x1e\x03\v\x02p\x03\x81\x1f\x04`\x05\x81\x1f\x04\f\x01`\x05\x85\x1f\x02\r\x01`\x05\x87\x1f\x03\x0e\x01`\x05\xe4\x1e\x04\x01\x00\x04\x01\x00\x04\x04\x01\xbe4\x03\a\x01\b\x01\t\x01\n\x03\r\x03\xc14\x03\x11\x03\x14" +
	"\x03\x17\x01\x18\x02\x1a\x01\x01\x00\x04\x1b\t\x01\x00\x04\x9a\n\b\x01\x00\x04*\x03\x01\x00\x04\x02-\n\xc4\x11\x1bN\b\xd4\b\f\x01\x00\x04\x01`\x05e\a\x01\x00\x04\x02l\x04\f\x03\x03\xc44\x01\xc54\x05p\x03\xca4" +
	"\t`\x05\xd34\a\x04\x02p\x03\xda4\b`\x05\xda4\b\x05\x02p\x03\xe24\t`\x05\xe24\t\x06\x02p\x03\xa5\x1f\t`\x05\xeb4\n\a\x02p\x03\x94(\n`\x05\xf54\v\b\x02p\x03\x9e(\v`\x05\x80" +
	"5\f\t\x02p\x03\xd2\x1f\n`\x05\x8c5\v\n\x02p\x03\x975\v`\x05\xa25\f\v\x02p\x03\xae5\f`\x05\xba5\r\f\x02p\x03\x83 \t`\x05\xc75\n\r\x02p\x03\xa9(\n`\x05\xd15\v\x0e\x02" +
	"p\x03\xb3(\v`\x05\xdc5\f\xeb\x01\x05\f\x03\x02p\x03\xf0\x01\x04`\x05\xf0\x01\x04\x04\x02p\x03\xf4\x01\x05`\x05\xf4\x01\x05\x05\x02p\x03\xf9\x01\x06`\x05\xf9\x01\x06\x06\x02p\x03\xbd\x1a\x04`\x05\xbd\x1a\x04\a\x02" +
	"p\x03\xc1\x1a\x05`\x05\xc1\x1a\x05\b\x02p\x03\xc6\x1a\x06`\x05\xc6\x1a\x06\t\x02p\x03\xe85\x05`\x05\xe85\x05\n\x02p\x03\xed5\x06`\x05\xed5\x06\v\x02p\x03\xf35\a`\x05\xf35\a\f\x02p\x03\xfa5" +
	"\x05`\x05\xfa5\x05\r\x02p\x03\xff5\x06`\x05\xff5\x06\x0e\x02p\x03\x856\a`\x05\x856\a\x01\x00\x04\x01\x00\x04\x04\x01\x05\x02\a\x01\b\x01\t\x01\n\x03\r\x03\x97\n\x03\x11\x03\x14\x03\x17\x01\x18\x02\x1a\x01\x01" +
	"\x00\x04\x1b\t\x01\x00\x04\x9a\n\b\x01\x00\x04*\x03\x01\x00\x04\x02-\n\xc4\x11\x1bN\b\xd4\b\f\x01\x00\x04\x02p\x03\x8c6\b`\x05\x8c6\b\x01\x00\x04\x02l\x04\f\x03\x03\xc44\x01\xd34\ap\x03\xd34\a`" +
	"\x05\xd34\a\x04\x02p\x03\xda4\b`\x05\xda4\b\x05\x02p\x03\xe24\t`\x05\xe24\t\x06\x02p\x03\xa5\x1f\t`\x05\xeb4\n\a\x02p\x03\x94(\n`\x05\xf54\v\b\x02p\x03\x9e(\v`\x05\x805\f" +
	"\t\x02p\x03\xd2\x1f\n`\x05\x8c5\v\n\x02p\x03\x975\v`\x05\xa25\f\v\x02p\x03\xae5\f`\x05\xba5\r\f\x02p\x03\x83 \t`\x05\xc75\n\r\x02p\x03\xa9(\n`\x05\xd15\v\x0e\x02p\x03" +
	"\xb3(\v`\x05\xdc5\f\xeb\x01\x05\f\x03\x02p\x03\xf0\x01\x04`\x05\xf0\x01\x04\x04\x02p\x03\xf4\x01\x05`\x05\xf4\x01\x05\x05\x02p\x03\xf9\x01\x06`\x05\xf9\x01\x06\x06\x02p\x03\xbd\x1a\x04`\x05\xbd\x1a\x04\a\x02p\x03" +
	"\xc1\x1a\x05`\x05\xc1\x1a\x05\b\x02p\x03\xc6\x1a\x06`\x05\xc6\x1a\x06\t\x02p\x03\x946\x04`\x05\x946\x04\n\x02p\x03\x986\x05`\x05\x986\x05\v\x02p\x03\x9d6\x06`\x05\x9d6\x06\f\x02p\x03\xa36\x04`" +
	"\x05\xa36\x04\r\x02p\x03\xa76\x05`\x05\xa76\x05\x0e\x02p\x03\xac6\x06`\x05\xac6\x06\x01\x00\x04\x01\x00\x04\xb5\x02\x01\x04\x01\a\x01\b\x01\t\x01\xb26\x05\r\x03\x10\x01\x11\x03\x14\x03\x17\x01\x18\x02\x1a\x01\x01\x00" +
	"\x04\x1b\t\x01\x00\x04$\x06\x01\x00\x04*\x03\x01\x00\x04\x02-\n7\x17N\bV\n\x01\x00\x04\x01`\x05e\a\x01\x00\x04\x02l\x04\f\x03\x05\xb3\x05\x03\xb76\b\xc0\x05\x04\xbf6\ap\x03\xb76\b`\x05\xbf6\a" +
	"\xcc\x05\x03\xb76\b\x04\x05\xb3\x05\x03\xc66\b\xc0\x05\x04\xc66\bp\x03\xc66\b`\x05\xc66\b\xcc\x05\x03\xc66\b\x05\x05\xb3\x05\x03\xce6\t\xc0\x05\x04\xce6\tp\x03\xce6\t`\x05\xce6\t\xcc\x05\x03\xce" +
	"6\t\x06\x05\xb3\x05\x03\xd76\v\xc0\x05\x04\xe26\np\x03\xd76\v`\x05\xe26\n\xcc\x05\x03\xd76\v\a\x05\xb3\x05\x03\xec6\v\xc0\x05\x04\xec6\vp\x03\xec6\v`\x05\xec6\v\xcc\x05\x03\xec6\v\b\x05" +
	"\xb3\x05\x03\xf76\f\xc0\x05\x04\xf76\fp\x03\xf76\f`\x05\xf76\f\xcc\x05\x03\xf76\f\t\x05\xb3\x05\x03\x837\v\xc0\x05\x04\x8e7\vp\x03\x837\v`\x05\x997\n\xcc\x05\x03\x837\v\n\x05\xb3\x05\x03\xa3" +
	"7\v\xc0\x05\x04\xae7\fp\x03\xa37\v`\x05\xa37\v\xcc\x05\x03\xa37\v\v\x05\xb3\x05\x03\xba7\f\xc0\x05\x04\xba7\fp\x03\xba7\f`\x05\xba7\f\xcc\x05\x03\xba7\f\f\x05\xb3\x05\x03\xc67\f\xc0\x05" +
	"\x04\xd27\fp\x03\xde7\v`\x05\xde7\v\xcc\x05\x03\xc67\f\r\x05\xb3\x05\x03\xe97\f\xc0\x05\x04\xf57\rp\x03\xe97\f`\x05\xe97\f\xcc\x05\x03\xe97\f\x0e\x05\xb3\x05\x03\x828\r\xc0\x05\x04\x828\r" +
	"p\x03\x828\r`\x05\x828\r\xcc\x05\x03\x828\r\xeb\x01\x05\f\x03\x02p\x03\xdf(\x02`\x05\xdf(\x02\x04\x02p\x03\xe1(\x03`\x05\xe1(\x03\x05\x02p\x03\xe4(\x04`\x05\xe4(\x04\x06\x01`\x05\xf3\x1e\x02\a" +
	"\x01`\x05\xf5\x1e\x03\b\x01`\x05\xf8\x1e\x04\t\x02p\x03\xfc\x1e\x02`\x05\xfc\x1e\x02\n\x02p\x03\xfe\x1e\x03`\x05\xfe\x1e\x03\v\x02p\x03\x81\x1f\x04`\x05\x81\x1f\x04\f\x01`\x05\x85\x1f\x02\r\x01`\x05\x87\x1f\x03\x0e" +
	"\x01`\x05\xe4\x1e\x04\x01\x00\x04\x01\x00\x04\x04\x01\xb5\x02\x01\a\x01\b\x01\t\x01\n\x03\r\x03\x10\x01\x11\x03\x14\x03\x17\x01\x18\x02\x1a\x01\x01\x00\x04\x1b\t\x01\x00\x04\x9a\n\b\x01\x00\x04*\x03\x01\x00\x04\x02-\n\xc4\x11\x1b" +
	"N\b\xd4\b\f\x01\x00\x04\x01`\x05e\a\x01\x00\x04\x02l\x04\f\x03\x02p\x03\xc5\"\x01`\x05\xc5\"\x01\x04\x02p\x03\xc5\"\x01`\x05\xc5\"\x01\x05\x02p\x03\xc5\"\x01`\x05\xc5\"\x01\x06\x02p\x03\x89)\t`" +
	"\x05\x8f8\n\a\x02p\x03\x998\v`\x05\x998\v\b\x02p\x03\xa48\f`\x05\xa48\f\t\x02p\x03\xb08\r`\x05\xb08\r\n\x02p\x03\xbd8\x0e`\x05\xbd8\x0e\v\x02p\x03\xcb8\x0f`\x05\xcb8\x0f" +
	"\f\x02p\x03\xe0)\t`\x05\xda8\n\r\x02p\x03\xe48\v`\x05\xe48\v\x0e\x02p\x03\xef8\f`\x05\xef8\f\xeb\x01\x05\f\x03\x02p\x03\xc5\"\x01`\x05\xc5\"\x01\x04\x02p\x03\xc5\"\x01`\x05\xc5\"\x01" +
	"\x05\x02p\x03\xc5\"\x01`\x05\xc5\"\x01\x06\x02p\x03\xbd\x1a\x04`\x05\xbd\x1a\x04\a\x02p\x03\xc1\x1a\x05`\x05\xc1\x1a\x05\b\x02p\x03\xc6\x1a\x06`\x05\xc6\x1a\x06\t\x02p\x03\xcc\x1a\a`\x05\xcc\x1a\a\n\x02p\x03" +
	"\xe1,\b`\x05\xe1,\b\v\x02p\x03\xe9,\t`\x05\xe9,\t\f\x02p\x03\xe0\x1a\x04`\x05\xe0\x1a\x04\r\x02p\x03\xe4\x1a\x05`\x05\xe4\x1a\x05\x0e\x02p\x03\xe9\x1a\x06`\x05\xe9\x1a\x06\x01\x00\x04\x01\x00\x04\xb5\x02" +
	"\x01\x04\x01\a\x01\b\x01\t\x01\n\x03\r\x03\x10\x01\t\x01\x14\x03\x17\x01\x18\x02\x1a\x01\x01\x00\x04\x96\x15\f\x01\x00\x04\xa2\x15\t\x01\x00\x04\xfb8\x05\x01\x00\x04\x02-\n\xd7\x18\x1dN\b\xf4\x18\r\x01\x00\x04\x01`\x05e" +
	"\a\x01\x00\x04\x02l\x04\f\x03\x02p\x03\x809\x0e`\x05\x809\x0e\x04\x02p\x03\x8e9\x0f`\x05\x8e9\x0f\x05\x02p\x03\x9d9\v`\x05\x9d9\v\x06\x02p\x03\xa89\f`\x05\xa89\f\a\x02p\x03\xb49\x0e`" +
	"\x05\xb49\x0e\b\x02p\x03\xc29\x0f`\x05\xc29\x0f\t\x02p\x03\xd19\v`\x05\xd19\v\n\x02p\x03\xdc9\f`\x05\xdc9\f\v\x02p\x03\xe89\x14`\x05\xe89\x14\f\x02p\x03\xfc9\x17`\x05\xfc9\x17" +
	"\r\x02p\x03\x93:\x0e`\x05\x93:\x0e\x0e\x02p\x03\xa1:\x0e`\x05\xa1:\x0e\xeb\x01\x05\f\x03\x02p\x03\xaf:\x0f`\x05\xaf:\x0f\x04\x02p\x03\xbe:\x10`\x05\xbe:\x10\x05\x02p\x03\xce:\f`\x05\xce:\f" +
	"\x06\x02p\x03\xda:\r`\x05\xda:\r\a\x02p\x03\xe7:\x0f`\x05\xe7:\x0f\b\x02p\x03\xf6:\x10`\x05\xf6:\x10\t\x02p\x03\x86;\f`\x05\x86;\f\n\x02p\x03\x92;\r`\x05\x92;\r\v\x02p\x03" +
	"\x9f;\x15`\x05\x9f;\x15\f\x02p\x03\xb4;\x18`\x05\xb4;\x18\r\x02p\x03\xcc;\x0f`\x05\xcc;\x0f\x0e\x02p\x03\xdb;\x0f`\x05\xdb;\x0f\x01\x00\x04\x01\x00\x04\xb5\x02\x01\x04\x01\a\x01\xde\x04\x04\xe2\x04\x04\n" +
	"\x03\r\x03\x10\x01\x11\x03\x14\x03\x17\x01\x18\x02\x1a\x01\x01\x00\x04\x1b\t\x01\x00\x04$\x06\x01\x00\x04*\x03\x01\x00\x04\x02-\n\xea;&N\b\xea;&\x01\x00\x04\x01`\x05e\a\x01\x00\x04\x02l\x04\f\x03\x04\xc0\x05\x04" +
	"\x90<\vp\x03\x90<\v`\x05\x90<\v\xcc\x05\x03\x90<\v\x04\x04\xc0\x05\x04\x9b<\fp\x03\x9b<\f`\x05\x9b<\f\xcc\x05\x03\x9b<\f\x05\x04\xc0\x05\x04\xa7<\rp\x03\xa7<\r`\x05\xa7<\r\xcc\x05\x03" +
	"\xa7<\r\x06\x04\xc0\x05\x04\xb4<\x11p\x03\xb4<\x11`\x05\xb4<\x11\xcc\x05\x03\xb4<\x11\a\x04\xc0\x05\x04\xc5<\x12p\x03\xc5<\x12`\x05\xc5<\x12\xcc\x05\x03\xc5<\x12\b\x04\xc0\x05\x04\xd7<\x13p\x03\xd7<\x13" +
	"`\x05\xd7<\x13\xcc\x05\x03\xd7<\x13\t\x04\xc0\x05\x04\xea<\x13p\x03\xea<\x13`\x05\xea<\x13\xcc\x05\x03\xea<\x13\n\x04\xc0\x05\x04\xfd<\x14p\x03\xfd<\x14`\x05\xfd<\x14\xcc\x05\x03\xfd<\x14\v\x04\xc0\x05\x04" +
	"\x91=\x15p\x03\x91=\x15`\x05\x91=\x15\xcc\x05\x03\x91=\x15\f\x04\xc0\x05\x04\xa6=\x13p\x03\xa6=\x13`\x05\xa6=\x13\xcc\x05\x03\xa6=\x13\r\x04\xc0\x05\x04\xb9=\x14p\x03\xb9=\x14`\x05\xb9=\x14\xcc\x05\x03" +
	"\xb9=\x14\x0e\x04\xc0\x05\x04\xcd=\x15p\x03\xcd=\x15`\x05\xcd=\x15\xcc\x05\x03\xcd=\x15\xeb\x01\x05\f\x03\x02p\x03\xe2=\x05`\x05\xe2=\x05\x04\x02p\x03\xe7=\x06`\x05\xe7=\x06\x05\x02p\x03\xed=\a`\x05" +
	"\xed=\a\x06\x02p\x03\xf4=\x05`\x05\xf4=\x05\a\x02p\x03\xf9=\x06`\x05\xf9=\x06\b\x02p\x03\xff=\a`\x05\xff=\a\t\x02p\x03\x86>\x05`\x05\x86>\x05\n\x02p\x03\x8b>\x06`\x05\x8b>\x06\v" +
	"\x02p\x03\x91>\a`\x05\x91>\a\f\x02p\x03\x98>\x05`\x05\x98>\x05\r\x02p\x03\x9d>\x06`\x05\x9d>\x06\x0e\x02p\x03\xa3>\a`\x05\xa3>\a\x01\x00\x04\x01\x00\x04\xb5\x02\x01\x04\x01\a\x01\b\x01\t\x01" +
	"\n\x03\r\x03\x10\x01\x11\x03\x14\x03\x17\x01\x18\x02\x1a\x01\x01\x00\x04\x96\x15\f\x01\x00\x04\xa2\x15\t\x01\x00\x04\xfb8\x05\x01\x00\x04\x02-\n\xf4\x18\rN\b\xf4\x18\r\x01\x00\x04\x01`\x05e\a\x01\x00\x04\x02l\x04\f\x03" +
	"\x02p\x03\xaa>\x11`\x05\xaa>\x11\x04\x02p\x03\xbb>\x12`\x05\xbb>\x12\x05\x02p\x03\xcd>\v`\x05\xcd>\v\x06\x02p\x03\xd8>\f`\x05\xd8>\f\a\x02p\x03\xe4>\x11`\x05\xe4>\x11\b\x02p\x03\xf5" +
	">\x12`\x05\xf5>\x12\t\x02p\x03\x87?\v`\x05\x87?\v\n\x02p\x03\x92?\f`\x05\x92?\f\v\x02p\x03\x9e?\v`\x05\x9e?\v\f\x02p\x03\xa9?\f`\x05\xa9?\f\r\x02p\x03\xb5?\r`\x05" +
	"\xb5?\r\x0e\x02p\x03\xc2?\x0e`\x05\xc2?\x0e\xeb\x01\x05\f\x03\x02p\x03\xd0?\x12`\x05\xd0?\x12\x04\x02p\x03\xe2?\x13`\x05\xe2?\x13\x05\x02p\x03\xf5?\f`\x05\xf5?\f\x06\x02p\x03\x81@\r`\x05" +
	"\x81@\r\a\x02p\x03\x8e@\t`\x05\x8e@\t\b\x02p\x03\x97@\n`\x05\x97@\n\t\x02p\x03\xa1@\t`\x05\xa1@\t\n\x02p\x03\xaa@\n`\x05\xaa@\n\v\x02p\x03\xb4@\t`\x05\xb4@\t\f" +
	"\x02p\x03\xbd@\n`\x05\xbd@\n\r\x02p\x03\xc7@\f`\x05\xc7@\f\x0e\x02p\x03\xd3@\r`\x05\xd3@\r\x01\x00\x04\x01\x00\x04\x04\x01\xb5\x02\x01\a\x01\b\x01\xb8*\x03\n\x03\r\x03\x10\x01\x11\x03\x14\x03\x17" +
	"\x01\x18\x02\x1a\x01\x01\x00\x04\x1b\t\x01\x00\x04\x9a\n\b\x01\x00\x04*\x03\x01\x00\x04\x02-\n\xd4\b\fN\b\xd4\b\f\x01\x00\x04\x01`\x05e\a\x01\x00\x04\x02l\x04\f\x03\x03\xb3\x05\x03\xe0@\tp\x03\xe9@\t`" +
	"\x05\xe9@\t\x04\x03\xb3\x05\x03\xf2@\np\x03\xfc@\n`\x05\xfc@\n\x05\x03\xb3\x05\x03\x86A\vp\x03\x91A\v`\x05\x91A\v\x06\x03\xb3\x05\x03\x9cA\np\x03\xa6A\t`\x05\x9cA\n\a\x03\xb3\x05\x03\xaf" +
	"A\vp\x03\xbaA\n`\x05\xafA\v\b\x03\xb3\x05\x03\xc4A\fp\x03\xd0A\v`\x05\xc4A\f\t\x03\xb3\x05\x03\xdbA\vp\x03\xe6A\v`\x05\xf1A\v\n\x03\xb3\x05\x03\xfcA\fp\x03\x88B\f`\x05\x94" +
	"B\f\v\x03\xb3\x05\x03\xa0B\rp\x03\xadB\r`\x05\xbaB\r\f\x03\xb3\x05\x03\xc7B\np\x03\xd1B\t`\x05\xc7B\n\r\x03\xb3\x05\x03\xdaB\vp\x03\xe5B\n`\x05\xdaB\v\x0e\x03\xb3\x05\x03\xefB\f" +
	"p\x03\xfbB\v`\x05\xefB\f\xeb\x01\x05\f\x03\x02p\x03\x91\x1d\t`\x05\x91\x1d\t\x04\x02p\x03\x9a\x1d\n`\x05\x9a\x1d\n\x05\x02p\x03\xa4\x1d\v`\x05\xa4\x1d\v\x06\x02p\x03\xaf\x1d\t`\x05\xaf\x1d\t\a\x02" +
	"p\x03\xb8\x1d\n`\x05\xb8\x1d\n\b\x02p\x03\xc2\x1d\v`\x05\xc2\x1d\v\t\x02p\x03\x86C\t`\x05\x86C\t\n\x02p\x03\x8fC\n`\x05\x8fC\n\v\x02p\x03\x99C\v`\x05\x99C\v\f\x02p\x03\xeb\x1d" +
	"\t`\x05\xeb\x1d\t\r\x02p\x03\xf4\x1d\n`\x05\xf4\x1d\n\x0e\x02p\x03\xfe\x1d\v`\x05\xfe\x1d\v\x01\x00\x04\x01\x00\x04\x04\x01\x05\x02\a\x01\b\x01\t\x01\n\x03\r\x03\x10\x01\x11\x03\x14\x03\x17\x01\x18\x02\x1a\x01\x01\x00" +
	"\x04\x1b\t\x01\x00\x04$\x06\x01\x00\x04*\x03\x01\x00\x04\x02-\n\xd4\b\fN\b\xd4\b\f\x01\x00\x04\x01`\x05e\a\x01\x00\x04\x02l\x04\f\x03\x02p\x03\xa4C\x06`\x05\xa4C\x06\x04\x02p\x03\xaaC\a`\x05\xaa" +
	"C\a\x05\x02p\x03\xb1C\b`\x05\xb1C\b\x06\x02p\x03\xb9C\t`\x05\xb9C\t\a\x02p\x03\xc2C\n`\x05\xc2C\n\b\x02p\x03\xccC\v`\x05\xccC\v\t\x02p\x03\xd7C\v`\x05\xd7C\v\n\x02" +
	"p\x03\xe2C\f`\x05\xe2C\f\v\x02p\x03\xeeC\r`\x05\xeeC\r\f\x02p\x03\xfbC\t`\x05\xfbC\t\r\x02p\x03\x84D\n`\x05\x84D\n\x0e\x02p\x03\x8eD\v`\x05\x8eD\v\xeb\x01\x05\f\x03\x02" +
	"p\x03\x99D\x04`\x05\x99D\x04\x04\x02p\x03\x9dD\x05`\x05\x9dD\x05\x05\x02p\x03\xa2D\x06`\x05\xa2D\x06\x06\x02p\x03\xbd\x1a\x04`\x05\xbd\x1a\x04\a\x02p\x03\xc1\x1a\x05`\x05\xc1\x1a\x05\b\x02p\x03\xc6\x1a" +
	"\x06`\x05\xc6\x1a\x06\t\x02p\x03\xa8D\x06`\x05\xa8D\x06\n\x02p\x03\xaeD\a`\x05\xaeD\a\v\x02p\x03\xb5D\b`\x05\xb5D\b\f\x02p\x03\xe0\x1a\x04`\x05\xe0\x1a\x04\r\x02p\x03\xe4\x1a\x05`\x05\xe4" +
	"\x1a\x05\x0e\x02p\x03\xe9\x1a\x06`\x05\xe9\x1a\x06\x01\x00\x04\x01\x00\x04\x04\x01\x05\x02\a\x01\b\x01\t\x01\xbdD\x06\r\x03\x10\x01\x11\x03\x14\x03\x17\x01\x18\x02\x1a\x01\x01\x00\x04\x1b\t\x01\x00\x04$\x06\x01\x00\x04*\x03\x01\x00" +
	"\x04\x02-\n\xd4\b\fN\b\xd4\b\f\x01\x00\x04\x01`\x05e\a\x01\x00\x04\x02l\x04\f\x03\x02p\x03\xc3D\f`\x05\xc3D\f\x04\x02p\x03\xcfD\r`\x05\xcfD\r\x05\x02p\x03\xdcD\x0e`\x05\xdcD\x0e\x06" +
	"\x02p\x03\xeaD\x0e`\x05\xeaD\x0e\a\x02p\x03\xf8D\x0f`\x05\xf8D\x0f\b\x02p\x03\x87E\x10`\x05\x87E\x10\t\x02p\x03\x97E\x10`\x05\x97E\x10\n\x02p\x03\xa7E\x11`\x05\xa7E\x11\v\x02p\x03\xb8" +
	"E\x12`\x05\xb8E\x12\f\x02p\x03\xcaE\x10`\x05\xcaE\x10\r\x02p\x03\xdaE\x11`\x05\xdaE\x11\x0e\x02p\x03\xebE\x12`\x05\xebE\x12\xeb\x01\x05\f\x03\x02p\x03\xfdE\t`\x05\xfdE\t\x04\x02p\x03\x86" +
	"F\n`\x05\x86F\n\x05\x02p\x03\x90F\v`\x05\x90F\v\x06\x02p\x03\x9bF\t`\x05\x9bF\t\a\x02p\x03\xa4F\n`\x05\xa4F\n\b\x02p\x03\xaeF\v`\x05\xaeF\v\t\x02p\x03\xb9F\v`\x05" +
	"\xb9F\v\n\x02p\x03\xc4F\f`\x05\xc4F\f\v\x02p\x03\xd0F\r`\x05\xd0F\r\f\x02p\x03\xddF\v`\x05\xddF\v\r\x02p\x03\xe8F\f`\x05\xe8F\f\x0e\x02p\x03\xf4F\r`\x05\xf4F\r\x01" +
	"\x00\x04\x01\x00\x04\x04\x01\xb5\x02\x01\a\x01\b\x01\t\x01\n\x03\r\x03\x10\x01\x11\x03\x14\x03\x17\x01\x18\x02\xb5\x02\x01\x01\x00\x04\x1b\t\x01\x00\x04$\x06\x01\x00\x04*\x03\x01\x00\x04\x02-\nV\nN\bV\n\x01\x00\x04\x01" +
	"`\x05e\a\x01\x00\x04\x02l\x04\f\x03\x01`\x05\x81G\x06\x04\x01`\x05\x87G\a\x05\x01`\x05\x8eG\b\x06\x01`\x05\x96G\x06\a\x01`\x05\x9cG\a\b\x01`\x05\xa3G\b\t\x01`\x05\xabG\b\n\x01`\x05" +
	"\xb3G\t\v\x01`\x05\xbcG\n\f\x01`\x05\xc6G\t\r\x01`\x05\xcfG\n\x0e\x01`\x05\xd9G\v\xeb\x01\x05\f\x03\x01`\x05\xe4G\x05\x04\x01`\x05\xe9G\x06\x05\x01`\x05\xefG\a\x06\x01`\x05\xf6G\x05\a" +
	"\x01`\x05\xfbG\x06\b\x01`\x05\x81H\a\t\x01`\x05\xbd\x1a\x04\n\x01`\x05\xc1\x1a\x05\v\x01`\x05\xc6\x1a\x06\f\x01`\x05\xa36\x04\r\x01`\x05\xa76\x05\x0e\x01`\x05\xac6\x06\x01\x00\x04\x01\x00\x04\x04\x01\xb5" +
	"\x02\x01\a\x01\b\x01\t\x01\n\x03\r\x03\x10\x01\x11\x03\x14\x03\x17\x01\x18\x02\x1a\x01\x01\x00\x04\x1b\t\x01\x00\x04$\x06\x01\x00\x04*\x03\x01\x00\x04\x02-\n\xd4\b\fN\b\xd4\b\f\x01\x00\x04\x01`\x05e\a\x01\x00\x04" +
	"\x02l\x04\f\x03\x02p\x03\x88H\n`\x05\x88H\n\x04\x02p\x03\x92H\v`\x05\x92H\v\x05\x02p\x03\x9dH\f`\x05\x9dH\f\x06\x02p\x03\xa9H\n`\x05\xb3H\f\a\x02p\x03\xbfH\v`\x05\xcaH\r" +
	"\b\x02p\x03\xd7H\f`\x05\xe3H\x0e\t\x02p\x03\xf1H\r`\x05\xfeH\r\n\x02p\x03\x8bI\x0e`\x05\x99I\x0e\v\x02p\x03\xa7I\x0f`\x05\xb6I\x0f\f\x02p\x03\xc5I\n`\x05\xcfI\f\r\x02p\x03" +
	"\xdbI\v`\x05\xe6I\r\x0e\x02p\x03\xf3I\f`\x05\xffI\x0e\xeb\x01\x05\f\x03\x02p\x03\x8dJ\b`\x05\x8dJ\b\x04\x02p\x03\x95J\t`\x05\x95J\t\x05\x02p\x03\x9eJ\n`\x05\x9eJ\n\x06\x02p\x03" +
	"\xa8J\a`\x05\xa8J\a\a\x02p\x03\xafJ\b`\x05\xafJ\b\b\x02p\x03\xb7J\t`\x05\xb7J\t\t\x02p\x03\xc0J\b`\x05\xc0J\b\n\x02p\x03\xc8J\t`\x05\xc8J\t\v\x02p\x03\xd1J\n`" +
	"\x05\xd1J\n\f\x02p\x03\xa3\x02\x05`\x05\xa3\x02\x05\r\x02p\x03\xa8\x02\x06`\x05\xa8\x02\x06\x0e\x02p\x03\xae\x02\a`\x05\xae\x02\a\x01\x00\x04\x01\x00\x04\x04\x01\xb5\x02\x01\a\x01\b\x01\t\x01\n\x03\r\x03\x10\x01\t" +
	"\x01\x14\x03\x17\x01\x18\x02\x1a\x01\x01\x00\x04\x1b\t\x01\x00\x04$\x06\x01\x00\x04*\x03\x01\x00\x04\x02-\n\xd4\b\fN\b\xd4\b\f\x01\x00\x04\x01`\x05e\a\x01\x00\x04\x02l\x04\f\x03\x02p\x03\xc54\x05`\x05\xdbJ" +
	"\x06\x04\x02p\x03\xe1J\a`\x05\xe1J\a\x05\x02p\x03\xe8J\b`\x05\xe8J\b\x06\x02p\x03\xf0J\t`\x05\xf9J\t\a\x02p\x03\x82K\n`\x05\x82K\n\b\x02p\x03\x8cK\v`\x05\x8cK\v\t\x02p" +
	"\x03\x97K\n`\x05\xa1K\n\n\x02p\x03\xabK\v`\x05\xabK\v\v\x02p\x03\xb6K\f`\x05\xb6K\f\f\x02p\x03\xc2K\x10`\x05\xd2K\x0f\r\x02p\x03\xe1K\x10`\x05\xe1K\x10\x0e\x02p\x03\xf1K\x11" +
	"`\x05\xf1K\x11\xeb\x01\x05\f\x03\x02p\x03\xc9\t\x02`\x05\xc9\t\x02\x04\x02p\x03\xcb\t\x03`\x05\xcb\t\x03\x05\x02p\x03\xce\t\x04`\x05\xce\t\x04\x06\x02p\x03\x82L\x06`\x05\x82L\x06\a\x02p\x03\x88L\a" +
	"`\x05\x88L\a\b\x02p\x03\x8fL\b`\x05\x8fL\b\t\x02p\x03\x97L\x06`\x05\x97L\x06\n\x02p\x03\x9dL\a`\x05\x9dL\a\v\x02p\x03\xa4L\b`\x05\xa4L\b\f\x02p\x03\xacL\x06`\x05\xacL" +
	"\x06\r\x02p\x03\xb2L\a`\x05\xb2L\a\x0e\x02p\x03\xb9L\b`\x05\xb9L\b\x01\x00\x04\x01\x00\x04\xb5\x02\x01\x04\x01\a\x01\b\x01\t\x01\n\x03\r\x03\xc1L\x03\xc4L\x03\x14\x03\x17\x01\x18\x02\x1a\x01\x01\x00\x04\x1b" +
	"\t\x01\x00\x04$\x06\x01\x00\x04*\x03\x01\x00\x04\x02-\n7\x17N\bV\n\x01\x00\x04\x01`\x05\xc7L\x06\x01\x00\x04\x02l\x04\x11\x03\x01`\x05\xc5\"\x01\x04\x01`\x05\xcdL\x04\x05\x01`\x05\xd1L\x05\x06\x01`\x05" +
	"\xd6L\x06\a\x01`\x05\xdcL\a\b\x01`\x05\xe3L\x04\t\x01`\x05\xe7L\x05\n\x01`\x05\xecL\x06\v\x01`\x05\xf2L\a\f\x01`\x05\xf9L\x04\r\x01`\x05\xfdL\x05\x0e\x01`\x05\x82M\x06\x0f\x01`\x05\x88" +
	"M\a\x10\x01`\x05\x8fM\x04\x11\x01`\x05\x93M\x05\x12\x01`\x05\x98M\x06\x13\x01`\x05\x9eM\a\xeb\x01\x05\x11\x03\x01`\x05\xc5\"\x01\x04\x01`\x05\xcdL\x04\x05\x01`\x05\xd1L\x05\x06\x01`\x05\xd6L\x06\a\x01" +
	"`\x05\xdcL\a\b\x01`\x05\xe3L\x04\t\x01`\x05\xe7L\x05\n\x01`\x05\xecL\x06\v\x01`\x05\xf2L\a\f\x01`\x05\xf9L\x04\r\x01`\x05\xfdL\x05\x0e\x01`\x05\x82M\x06\x0f\x01`\x05\x88M\a\x10\x01`" +
	"\x05\x8fM\x04\x11\x01`\x05\x93M\x05\x12\x01`\x05\x98M\x06\x13\x01`\x05\x9eM\a\x01\x00\x04\x01\x00\x04\x04\x01\x05\x02\a\x01\b\x01\t\x01\xa5M(\r\x03\x97\n\x03\t\x01\x14\x03\x17\x01\x18\x02\x1a\x01\x01\x00\x04\x1b\t" +
	"\x01\x00\x04$\x06\x01\x00\x04*\x03\x01\x00\x04\x02-\n\xd4\b\fN\b\xd4\b\f\x01\x00\x04\x01`\x05e\a\x01\x00\x04\x02l\x04\f\x03\x02p\x03\xcdM\x11`\x05\xcdM\x11\x04\x02p\x03\xdeM\x12`\x05\xdeM\x12\x05" +
	"\x02p\x03\xf0M\x13`\x05\xf0M\x13\x06\x02p\x03\x83N\x17`\x05\x83N\x17\a\x02p\x03\x9aN\x18`\x05\x9aN\x18\b\x02p\x03\xb2N\x19`\x05\xb2N\x19\t\x02p\x03\xcbN\x1a`\x05\xcbN\x1a\n\x02p\x03\xe5" +
	"N\x1b`\x05\xe5N\x1b\v\x02p\x03\x80O\x1c`\x05\x80O\x1c\f\x02p\x03\x9cO\x1a`\x05\x9cO\x1a\r\x02p\x03\xb6O\x1b`\x05\xb6O\x1b\x0e\x02p\x03\xd1O\x1c`\x05\xd1O\x1c\xeb\x01\x05\f\x03\x02p\x03\xed" +
	"O\f`\x05\xedO\f\x04\x02p\x03\xf9O\r`\x05\xf9O\r\x05\x02p\x03\x86P\x0e`\x05\x86P\x0e\x06\x02p\x03\x94P\x0f`\x05\x94P\x0f\a\x02p\x03\xa3P\x10`\x05\xa3P\x10\b\x02p\x03\xb3P\x11`\x05" +
	"\xb3P\x11\t\x02p\x03\xc4P\x12`\x05\xc4P\x12\n\x02p\x03\xd6P\x13`\x05\xd6P\x13\v\x02p\x03\xe9P\x11`\x05\xe9P\x11\f\x02p\x03\xfaP\x0f`\x05\xfaP\x0f\r\x02p\x03\x89Q\x10`\x05\x89Q\x10\x0e" +
	"\x02p\x03\x99Q\x11`\x05\x99Q\x11\x01\x00\x04\x01\x00\x04\x04\x01\x05\x02\a\x01\b\x01\t\x01\xaaQ\x10\r\x03\x10\x01\x11\x03\x14\x03\x17\x01\x18\x02\x1a\x01\x01\x00\x04\x1b\t\x01\x00\x04$\x06\x01\x00\x04*\x03\x01\x00\x04\x02-" +
	"\n\xd4\b\fN\b\xd4\b\f\x01\x00\x04\x01`\x05e\a\x01\x00\x04\x02l\x04\f\x03\x02p\x03\xbaQ\b`\x05\xbaQ\b\x04\x02p\x03\xc2Q\t`\x05\xc2Q\t\x05\x02p\x03\xcbQ\n`\x05\xcbQ\n\x06\x02p\x03" +
	"\xd5Q\x10`\x05\xd5Q\x10\a\x02p\x03\xe5Q\x11`\x05\xe5Q\x11\b\x02p\x03\xf6Q\x12`\x05\xf6Q\x12\t\x02p\x03\x88R\x12`\x05\x88R\x12\n\x02p\x03\x9aR\x13`\x05\x9aR\x13\v\x02p\x03\xadR\x14`" +
	"\x05\xadR\x14\f\x02p\x03\xc1R\x12`\x05\xc1R\x12\r\x02p\x03\xd3R\x13`\x05\xd3R\x13\x0e\x02p\x03\xe6R\x14`\x05\xe6R\x14\xeb\x01\x05\f\x03\x02p\x03\xfaR\t`\x05\xfaR\t\x04\x02p\x03\x83S\n`" +
	"\x05\x83S\n\x05\x02p\x03\x8dS\n`\x05\x8dS\n\x06\x02p\x03\xde\x10\t`\x05\xde\x10\t\a\x02p\x03\xe7\x10\n`\x05\xe7\x10\n\b\x02p\x03\xf1\x10\v`\x05\xf1\x10\v\t\x02p\x03\xfc\x10\v`\x05\xfc\x10\v" +
	"\n\x02p\x03\x87\x11\f`\x05\x87\x11\f\v\x02p\x03\x93\x11\r`\x05\x93\x11\r\f\x02p\x03\xa0\x11\v`\x05\xa0\x11\v\r\x02p\x03\xab\x11\f`\x05\xab\x11\f\x0e\x02p\x03\xb7\x11\r`\x05\xb7\x11\r\x01\x00\x04\x01" +
	"\x00\x04\xb5\x02\x01\x04\x01\a\x01\b\x01\t\x01\n\x03\r\x03\x10\x01\x11\x03\x14\x03\x17\x01\x18\x02\x1a\x01\x01\x00\x04\x1b\t\x01\x00\x04$\x06\x01\x00\x04*\x03\x01\x00\x04\x02-\n\x97S\x17N\b\xaeS\n\x01\x00\x04\x01`\x05" +
	"e\a\x01\x00\x04\x02l\x04\f\x03\x01`\x05\xb8S\x0e\x04\x01`\x05\xc6S\x0f\x05\x01`\x05\xd5S\x0f\x06\x01`\x05\xe4S\v\a\x01`\x05\xefS\f\b\x01`\x05\xfbS\r\t\x01`\x05\x88T\x14\n\x01`\x05\x9cT" +
	"\x15\v\x01`\x05\xb1T\x16\f\x01`\x05\xc7T\x17\r\x01`\x05\xdeT\x18\x0e\x01`\x05\xf6T\x19\xeb\x01\x05\f\x03\x01`\x05\x8fU\r\x04\x01`\x05\x9cU\x10\x05\x01`\x05\xacU\x11\x06\x01`\x05\xbdU\f\a\x01`" +
	"\x05\xc9U\r\b\x01`\x05\xd6U\x0e\t\x01`\x05\xe4U\x15\n\x01`\x05\xf9U\x16\v\x01`\x05\x8fV\x17\f\x01`\x05\xa6V\x18\r\x01`\x05\xbeV\x19\x0e\x01`\x05\xd7V\x1a\x01\x00\x04\x01\x00\x04\xb5\x02\x01\x04\x01" +
	"\a\x01\b\x01\t\x01\n\x03\r\x03\x10\x01\x11\x03\x14\x03\x17\x01\x18\x02\x1a\x01\x01\x00\x04\x1b\t\x01\x00\x04$\x06\x01\x00\x04*\x03\x01\x00\x04\x02-\n7\x17N\bV\n\x01\x00\x04\x01`\x05e\a\x01\x00\x04\x02l\x04\f" +
	"\x03\x02p\x03\xf1V\x11`\x05\xf1V\x11\x04\x02p\x03\x82W\x12`\x05\x82W\x12\x05\x02p\x03\x94W\x13`\x05\x94W\x13\x06\x02p\x03\xa7W\x17`\x05\xa7W\x17\a\x02p\x03\xbeW\x18`\x05\xbeW\x18\b\x02p\x03" +
	"\xd6W\x19`\x05\xd6W\x19\t\x02p\x03\xefW\x17`\x05\xefW\x17\n\x02p\x03\x86X\x18`\x05\x86X\x18\v\x02p\x03\x9eX\x19`\x05\x9eX\x19\f\x02p\x03\xb7X `\x05\xb7X \r\x02p\x03\xd7X!`" +
	"\x05\xd7X!\x0e\x02p\x03\xf8X\"`\x05\xf8X\"\xeb\x01\x05\f\x03\x02p\x03\x9aY\a`\x05\x9aY\a\x04\x02p\x03\xa1Y\b`\x05\xa1Y\b\x05\x02p\x03\xa9Y\t`\x05\xa9Y\t\x06\x02p\x03\xb2Y\a`" +
	"\x05\xb2Y\a\a\x02p\x03\xb9Y\b`\x05\xb9Y\b\b\x02p\x03\xc1Y\t`\x05\xc1Y\t\t\x02p\x03\xcaY\a`\x05\xcaY\a\n\x02p\x03\xd1Y\b`\x05\xd1Y\b\v\x02p\x03\xd9Y\t`\x05\xd9Y\t" +
	"\f\x02p\x03\xe2Y\r`\x05\xe2Y\r\r\x02p\x03\xefY\x0e`\x05\xefY\x0e\x0e\x02p\x03\xfdY\x0f`\x05\xfdY\x0f\x01\x00\x04\x01\x00\x04\xb5\x02\x01\x04\x01\a\x01\b\x01\t\x01\n\x03\r\x03\x10\x01\x10\x01\x14\x03\x17" +
	"\x01\x18\x02\x1a\x01\x01\x00\x04\x1b\t\x01\x00\x04$\x06\x01\x00\x04*\x03\x01\x00\x04\x02-\n7\x17N\bV\n\x01\x00\x04\x01`\x05e\a\x01\x00\x04\x02l\x04\f\x03\x01`\x05\x8cZ\x04\x04\x01`\x05\x90Z\x04\x05\x01`" +
	"\x05\x94Z\x05\x06\x01`\x05\x99Z\x06\a\x01`\x05\x9fZ\a\b\x01`\x05\xa6Z\x04\t\x01`\x05\xaaZ\x05\n\x01`\x05\xafZ\x06\v\x01`\x05\xb5Z\a\f\x01`\x05\xbcZ\x04\r\x01`\x05\xc0Z\x05\x0e\x01`\x05" +
	"\xc5Z\x06\xeb\x01\x05\f\x03\x01`\x05\x8cZ\x04\x04\x01`\x05\x90Z\x04\x05\x01`\x05\x94Z\x05\x06\x01`\x05\x99Z\x06\a\x01`\x05\x9fZ\a\b\x01`\x05\xa6Z\x04\t\x01`\x05\xaaZ\x05\n\x01`\x05\xafZ\x06\v" +
	"\x01`\x05\xb5Z\a\f\x01`\x05\xbcZ\x04\r\x01`\x05\xc0Z\x05\x0e\x01`\x05\xc5Z\x06\x01\x00\x04\x01\x00\x04\x04\x01\x05\x02\a\x01\b\x01\t\x01\xcbZ\x10\r\x03\x10\x01\x11\x03\x14\x03\x17\x01\x18\x02\x1a\x01\x01\x00\x04\x1b" +
	"\t\x01\x00\x04$\x06\x01\x00\x04*\x03\x01\x00\x04\x02-\n\xd4\b\fN\b\xd4\b\f\x01\x00\x04\x01`\x05e\a\x01\x00\x04\x02l\x04\f\x03\x02p\x03\xdbZ\b`\x05\xdbZ\b\x04\x02p\x03\xe3Z\t`\x05\xe3Z\t" +
	"\x05\x02p\x03\xecZ\n`\x05\xecZ\n\x06\x02p\x03\xd5Q\x10`\x05\xd5Q\x10\a\x02p\x03\xe5Q\x11`\x05\xe5Q\x11\b\x02p\x03\xf6Q\x12`\x05\xf6Q\x12\t\x02p\x03\x88R\x12`\x05\x88R\x12\n\x02p\x03" +
	"\x9aR\x13`\x05\x9aR\x13\v\x02p\x03\xadR\x14`\x05\xadR\x14\f\x02p\x03\xc1R\x12`\x05\xc1R\x12\r\x02p\x03\xd3R\x13`\x05\xd3R\x13\x0e\x02p\x03\xe6R\x14`\x05\xe6R\x14\xeb\x01\x05\f\x03\x02p\x03" +
	"\xf6Z\t`\x05\xf6Z\t\x04\x02p\x03\xffZ\n`\x05\xffZ\n\x05\x02p\x03\x89[\v`\x05\x89[\v\x06\x02p\x03\xde\x10\t`\x05\xde\x10\t\a\x02p\x03\xe7\x10\n`\x05\xe7\x10\n\b\x02p\x03\xf1\x10\v`" +
	"\x05\xf1\x10\v\t\x02p\x03\x94[\t`\x05\x94[\t\n\x02p\x03\x9d[\n`\x05\x9d[\n\v\x02p\x03\xa7[\v`\x05\xa7[\v\f\x02p\x03\xa0\x11\v`\x05\xa0\x11\v\r\x02p\x03\xab\x11\f`\x05\xab\x11\f" +
	"\x0e\x02p\x03\xb7\x11\r`\x05\xb7\x11\r\x01\x00\x04\x01\x00\x04\x04\x01\xb5\x02\x01\a\x01\b\x01\t\x01\xb2[-\r\x03\x10\x01\x11\x03\x14\x03\x17\x01\x18\x02\x1a\x01\x01\x00\x04\x1b\t\x01\x00\x04$\x06\x01\x00\x04\xdf[\x01\x01\x00" +
	"\x04\x02-\n\xe0[\x16N\b\xe0[\x16\x01\x00\x04\x01`\x05e\a\x01\x00\x04\x02l\x04\f\x03\x01`\x05\xf6[\v\x04\x01`\x05\x81\\\f\x05\x01`\x05\x8d\\\v\x06\x01`\x05\x98\\\x0e\a\x01`\x05\xa6\\\x0f\b\x01" +
	"`\x05\xb5\\\x10\t\x01`\x05\xc5\\\v\n\x01`\x05\xd0\\\f\v\x01`\x05\xdc\\\r\f\x01`\x05\xe9\\\x1a\r\x01`\x05\x83]\x1b\x0e\x01`\x05\x9e]\x1c\xeb\x01\x05\f\x03\x01`\x05\xba]\f\x04\x01`\x05\xc6]" +
	"\r\x05\x01`\x05\xd3]\x0e\x06\x01`\x05\xe1]\x0f\a\x01`\x05\xf0]\x10\b\x01`\x05\x80^\x11\t\x01`\x05\x91^\f\n\x01`\x05\x9d^\r\v\x01`\x05\xaa^\x0e\f\x01`\x05\xb8^\x1b\r\x01`\x05\xd3^\b" +
	"\x0e\x01`\x05\xdb^\t\x01\x00\x04\x01\x00\x04\x04\x01\x05\x02\a\x01\b\x01\xb8*\x03\n\x03\r\x03\xe4^\x03\x11\x03\x14\x03\xbe*\x05\x18\x02\x1a\x01\x01\x00\x04\x1b\t\x01\x00\x04\x9a\n\b\x01\x00\x04*\x03\x01\x00\x04\x02-\n" +
	"\xd4\b\fN\b\xd4\b\f\x01\x00\x04\x01`\x05e\a\x01\x00\x04\x02l\x04\f\x03\x04\xb3\x05\x03\xe7^\x0f\xc0\x05\x04\xf6^\x0ep\x03\x84_\r`\x05\x91_\x0f\x04\x04\xb3\x05\x03\xa0_\x10\xc0\x05\x04\xb0_\x0fp\x03\xbf" +
	"_\x0e`\x05\xcd_\x10\x05\x04\xb3\x05\x03\xdd_\x11\xc0\x05\x04\xee_\x10p\x03\xfe_\x0f`\x05\x8d`\x11\x06\x04\xb3\x05\x03\x9e`\v\xc0\x05\x04\xa9`\np\x03\xb3`\v`\x05\xbe`\v\a\x04\xb3\x05\x03\xc9`\f\xc0" +
	"\x05\x04\xd5`\vp\x03\xe0`\f`\x05\xec`\f\b\x04\xb3\x05\x03\xf8`\r\xc0\x05\x04\x85a\fp\x03\x91a\r`\x05\x9ea\r\t\x04\xb3\x05\x03\xaba\f\xc0\x05\x04\xb7a\vp\x03\xc2a\f`\x05\xcea\f\n" +
	"\x04\xb3\x05\x03\xdaa\r\xc0\x05\x04\xe7a\fp\x03\xf3a\r`\x05\x80b\r\v\x04\xb3\x05\x03\x8db\x0e\xc0\x05\x04\x9bb\rp\x03\xa8b\x0e`\x05\xb6b\x0e\f\x04\xb3\x05\x03\xc4b\f\xc0\x05\x04\xd0b\vp\x03\xdb" +
	"b\f`\x05\xe7b\f\r\x04\xb3\x05\x03\xf3b\r\xc0\x05\x04\x80c\fp\x03\x8cc\r`\x05\x99c\r\x0e\x04\xb3\x05\x03\xa6c\x0e\xc0\x05\x04\xb4c\rp\x03\xc1c\x0e`\x05\xcfc\x0e\xeb\x01\x05\f\x03\x02p\x03\xdd" +
	"c\f`\x05\xddc\f\x04\x02p\x03\xe9c\r`\x05\xe9c\r\x05\x02p\x03\xf6c\x0e`\x05\xf6c\x0e\x06\x02p\x03\x84d\t`\x05\x84d\t\a\x02p\x03\x8dd\n`\x05\x8dd\n\b\x02p\x03\x97d\v`\x05" +
	"\x97d\v\t\x02p\x03\xa2d\n`\x05\xa2d\n\n\x02p\x03\xacd\v`\x05\xacd\v\v\x02p\x03\xb7d\f`\x05\xb7d\f\f\x02p\x03\xc3d\n`\x05\xc3d\n\r\x02p\x03\xcdd\v`\x05\xcdd\v\x0e" +
	"\x02p\x03\xd8d\f`\x05\xd8d\f\x01\x00\x04\x01\x00\x04\x04\x01\x05\x02\a\x01\b\x01\t\x01\xe4d\x02\r\x03\x10\x01\x11\x03\x14\x03\x17\x01\x18\x02\x1a\x01\x01\x00\x04\x1b\t\x01\x00\x04$\x06\x01\x00\x04*\x03\x01\x00\x04\x02-" +
	"\n\xd4\b\fN\b\xd4\b\f\x01\x00\x04\x01`\x05e\a\x01\x00\x04\x02l\x04\f\x03\x03p\x03\xe6d\f`\x05\xf2d\f\xcf\x05\x04\xfed\f\x04\x03p\x03\x8ae\r`\x05\x97e\r\xcf\x05\x04\x97e\r\x05\x03p\x03" +
	"\xa4e\x0e`\x05\xb2e\x0e\xcf\x05\x04\xb2e\x0e\x06\x03p\x03\xc0e\t`\x05\xc9e\t\xcf\x05\x04\xd2e\t\a\x03p\x03\xdbe\n`\x05\xe5e\n\xcf\x05\x04\xe5e\n\b\x03p\x03\xefe\v`\x05\xfae\v\xcf\x05" +
	"\x04\xfae\v\t\x03p\x03\x85f\n`\x05\xad1\n\xcf\x05\x04\x8ff\n\n\x03p\x03\x99f\v`\x05\xa4f\v\xcf\x05\x04\xa4f\v\v\x03p\x03\xaff\f`\x05\xbbf\f\xcf\x05\x04\xbbf\f\f\x03p\x03\xc7f" +
	"\n`\x05\xd1f\n\xcf\x05\x04\xdbf\n\r\x03p\x03\xe5f\v`\x05\xf0f\v\xcf\x05\x04\xf0f\v\x0e\x03p\x03\xfbf\f`\x05\x87g\f\xcf\x05\x04\x87g\f\xeb\x01\x05\f\x03\x02p\x03\xddc\f`\x05\xddc\f" +
	"\x04\x02p\x03\xe9c\r`\x05\xe9c\r\x05\x02p\x03\xf6c\x0e`\x05\xf6c\x0e\x06\x02p\x03\xa12\n`\x05\xa12\n\a\x02p\x03\xab2\v`\x05\xab2\v\b\x02p\x03\xb62\f`\x05\xb62\f\t\x02p\x03" +
	"\x93g\v`\x05\x93g\v\n\x02p\x03\x9eg\f`\x05\x9eg\f\v\x02p\x03\xaag\r`\x05\xaag\r\f\x02p\x03\xb7g\v`\x05\xb7g\v\r\x02p\x03\xc2g\f`\x05\xc2g\f\x0e\x02p\x03\xceg\r`" +
	"\x05\xceg\r\x01\x00\x04\x01\x00\x04\x04\x01\xb5\x02\x01\a\x01\b\x01\t\x01\n\x03\r\x03\x97\n\x03\x11\x03\x14\x03\x17\x01\x18\x02\x1a\x01\x01\x00\x04\x1b\t\x01\x00\x04\x9a\n\b\x01\x00\x04*\x03\x01\x00\x04\x02-\n\xd4\b\fN" +
	"\b\xd4\b\f\x01\x00\x04\x01`\x05e\a\x01\x00\x04\x02l\x04\f\x03\x02p\x03\xdbg\x0e`\x05\xe9g\x0e\x04\x02p\x03\xf7g\x0f`\x05\x86h\x0f\x05\x02p\x03\x95h\x10`\x05\xa5h\x10\x06\x02p\x03\x97\x12\x0e`\x05" +
	"\xb5h\x10\a\x02p\x03\xc5h\x0f`\x05\xd4h\x11\b\x02p\x03\xe5h\x10`\x05\xf5h\x12\t\x02p\x03\x87i\x14`\x05\x9bi\x14\n\x02p\x03\xafi\x15`\x05\xc4i\x15\v\x02p\x03\xd9i\x16`\x05\xefi\x16\f" +
	"\x02p\x03\x85j\x0e`\x05\x93j\x10\r\x02p\x03\xa3j\x0f`\x05\xb2j\x11\x0e\x02p\x03\xc3j\x10`\x05\xd3j\x12\xeb\x01\x05\f\x03\x02p\x03\xe5j\f`\x05\xe5j\f\x04\x02p\x03\xf1j\r`\x05\xf1j\r\x05" +
	"\x02p\x03\xfej\x0e`\x05\xfej\x0e\x06\x02p\x03\x8ck\f`\x05\x8ck\f\a\x02p\x03\x98k\r`\x05\x98k\r\b\x02p\x03\xa5k\a`\x05\xa5k\a\t\x02p\x03\xack\x0e`\x05\xack\x0e\n\x02p\x03\xba" +
	"k\x0f`\x05\xbak\x0f\v\x02p\x03\xc9k\f`\x05\xd5k\f\f\x02p\x03\xe1k\f`\x05\xe1k\f\r\x02p\x03\xedk\r`\x05\xedk\r\x0e\x02p\x03\xfak\x0e`\x05\xfak\x0e\x01\x00\x04\x01\x00\x04\xb5\x02\x01" +
	"\x04\x01\a\x01\b\x01\t\x01\n\x03\r\x03\x10\x01\t\x01\x14\x03\x17\x01\x18\x02\x1a\x01\x01\x00\x04\x96\x15\f\x01\x00\x04$\x06\x01\x00\x04*\x03\x01\x00\x04\x02-\n7\x17N\bV\n\x01\x00\x04\x01`\x05e\a\x01\x00\x04\x02" +
	"l\x04\f\x03\x02p\x03\x88l\x11`\x05\x88l\x11\x04\x02p\x03\x99l\x12`\x05\x99l\x12\x05\x02p\x03\xabl\x13`\x05\xabl\x13\x06\x02p\x03\xbel\x17`\x05\xbel\x17\a\x02p\x03\xd5l\x18`\x05\xd5l\x18\b" +
	"\x02p\x03\xedl\x19`\x05\xedl\x19\t\x02p\x03\x86m\x14`\x05\x86m\x14\n\x02p\x03\x9am\x15`\x05\x9am\x15\v\x02p\x03\xafm\x16`\x05\xafm\x16\f\x02p\x03\xc5m\x1a`\x05\xc5m\x1a\r\x02p\x03\xdf" +
	"m\x1b`\x05\xdfm\x1b\x0e\x02p\x03\xfam\x1c`\x05\xfam\x1c\xeb\x01\x05\f\x03\x01`\x05\xc9\t\x02\x04\x01`\x05\xcb\t\x03\x05\x01`\x05\xce\t\x04\x06\x01`\x05\xf3\x1e\x02\a\x01`\x05\xf5\x1e\x03\b\x01`\x05\xf8\x1e" +
	"\x04\t\x02p\x03\xfc\x1e\x02`\x05\xfc\x1e\x02\n\x02p\x03\xfe\x1e\x03`\x05\xfe\x1e\x03\v\x02p\x03\x81\x1f\x04`\x05\x81\x1f\x04\f\x01`\x05\x85\x1f\x02\r\x01`\x05\x87\x1f\x03\x0e\x01`\x05\xe4\x1e\x04\x01\x00\x04\x01\x00\x04" +
	"\xb5\x02\x01\x04\x01\a\x01\b\x01\t\x01\n\x03\r\x03\x10\x01\x11\x03\x14\x03\x17\x01\x18\x02\x1a\x01\x01\x00\x04\x1b\t\x01\x00\x04$\x06\x01\x00\x04*\x03\x01\x00\x04\x02-\n\xa0#\fN\b\xa0#\f\x01\x00\x04\x01`\x05e\a" +
	"\x01\x00\x04\x02l\x04\f\x03\x02p\x03\x96n\f`\x05\x96n\f\x04\x02p\x03\xa2n\r`\x05\xa2n\r\x05\x02p\x03\xafn\x0e`\x05\xafn\x0e\x06\x02p\x03\xbdn\b`\x05\xbdn\b\a\x02p\x03\xc5n\t`\x05" +
	"\xc5n\t\b\x02p\x03\xcen\n`\x05\xcen\n\t\x02p\x03\xd8n\x0e`\x05\xd8n\x0e\n\x02p\x03\xe6n\x0f`\x05\xe6n\x0f\v\x02p\x03\xf5n\x10`\x05\xf5n\x10\f\x02p\x03\x85o\x0f`\x05\x85o\x0f\r" +
	"\x02p\x03\x94o\x10`\x05\x94o\x10\x0e\x02p\x03\xa4o\x11`\x05\xa4o\x11\xeb\x01\x05\f\x03\x02p\x03\xb5o\f`\x05\xc1o\t\x04\x02p\x03\xcao\r`\x05\xd7o\n\x05\x02p\x03\xe1o\x0e`\x05\xefo\v\x06" +
	"\x02p\x03\xfao\t`\x05\xfao\t\a\x02p\x03\x83p\n`\x05\x83p\n\b\x02p\x03\x8dp\v`\x05\x8dp\v\t\x02p\x03\x98p\x0f`\x05\x98p\x0f\n\x02p\x03\xa7p\x10`\x05\xa7p\x10\v\x02p\x03\xb7" +
	"p\x05`\x05\xb7p\x05\f\x02p\x03\xbcp\x05`\x05\xbcp\x05\r\x02p\x03\xc1p\x06`\x05\xc1p\x06\x0e\x02p\x03\xc7p\a`\x05\xc7p\a\x01\xcep\x04\x02\xcep\x04\xb5\x02\x01\x04\x01\a\x01\b\x01\t\x01\n\x03" +
	"\r\x03\x10\x01\x11\x03\x14\x03\x17\x01\x18\x02\x1a\x01\x00\x04\xb5\x02\x01\x04\x01\a\x01\b\x01\t\x01\n\x03\r\x03\x10\x01\x11\x03\x14\x03\x17\x01\x18\x02\x1a\x01\x02\xcep\x04\x96\x15\f\x00\x04\x96\x15\f\x02\xcep\x04$\x06\x00\x04$" +
	"\x06\x02\xcep\x04\xfb8\x05\x00\x04\xfb8\x05\x02\xcep\x04\x02-\n7\x17N\bV\n\x00\x04\x02-\n7\x17N\bV\n\x02\xcep\x04\x01`\x05e\a\x00\x04\x01`\x05e\a\x02\xcep\x04\x02l\x04\f\x03\x02p" +
	"\x03\xd2p\x0e`\x05\xd2p\x0e\x04\x02p\x03\xe0p\x0f`\x05\xe0p\x0f\x05\x02p\x03\xcd>\v`\x05\xcd>\v\x06\x02p\x03\xd8>\f`\x05\xd8>\f\a\x02p\x03\xefp\x0e`\x05\xefp\x0e\b\x02p\x03\xfdp\x0f" +
	"`\x05\xfdp\x0f\t\x02p\x03\x8cq\x0e`\x05\x8cq\x0e\n\x02p\x03\x9aq\x0f`\x05\x9aq\x0f\v\x02p\x03\xa9q\x0e`\x05\xa9q\x0e\f\x02p\x03\xb7q\x0f`\x05\xb7q\x0f\r\x02p\x03\xc6q\x0e`\x05\xc6q" +
	"\x0e\x0e\x02p\x03\xd4q\x0f`\x05\xd4q\x0f\xeb\x01\x05\f\x03\x02p\x03\xe3q\x06`\x05\xe3q\x06\x04\x02p\x03\xe9q\a`\x05\xe9q\a\x05\x02p\x03\xf5?\f`\x05\xf5?\f\x06\x02p\x03\x81@\r`\x05\x81@" +
	"\r\a\x02p\x03\xf0q\x0f`\x05\xf0q\x0f\b\x02p\x03\xffq\x10`\x05\xffq\x10\t\x02p\x03\x8fr\x0f`\x05\x8fr\x0f\n\x02p\x03\x9er\x10`\x05\x9er\x10\v\x02p\x03\xaer\x0f`\x05\xaer\x0f\f\x02p" +
	"\x03\xbdr\x10`\x05\xbdr\x10\r\x02p\x03\xcdr\x0f`\x05\xcdr\x0f\x0e\x02p\x03\xdcr\x10`\x05\xdcr\x10\x00\x04\x02l\x04\f\x03\x02p\x03\xd2p\x0e`\x05\xd2p\x0e\x04\x02p\x03\xe0p\x0f`\x05\xe0p\x0f\x05" +
	"\x02p\x03\xcd>\v`\x05\xcd>\v\x06\x02p\x03\xd8>\f`\x05\xd8>\f\a\x02p\x03\xefp\x0e`\x05\xefp\x0e\b\x02p\x03\xfdp\x0f`\x05\xfdp\x0f\t\x02p\x03\x8cq\x0e`\x05\x8cq\x0e\n\x02p\x03\x9a" +
	"q\x0f`\x05\x9aq\x0f\v\x02p\x03\xa9q\x0e`\x05\xa9q\x0e\f\x02p\x03\xb7q\x0f`\x05\xb7q\x0f\r\x02p\x03\xc6q\x0e`\x05\xc6q\x0e\x0e\x02p\x03\xd4q\x0f`\x05\xd4q\x0f\xeb\x01\x05\f\x03\x02p\x03\xe3" +
	"q\x06`\x05\xe3q\x06\x04\x02p\x03\xe9q\a`\x05\xe9q\a\x05\x02p\x03\xf5?\f`\x05\xf5?\f\x06\x02p\x03\x81@\r`\x05\x81@\r\a\x02p\x03\xf0q\x0f`\x05\xf0q\x0f\b\x02p\x03\xffq\x10`\x05" +
	"\xffq\x10\t\x02p\x03\x8fr\x0f`\x05\x8fr\x0f\n\x02p\x03\x9er\x10`\x05\x9er\x10\v\x02p\x03\xaer\x0f`\x05\xaer\x0f\f\x02p\x03\xbdr\x10`\x05\xbdr\x10\r\x02p\x03\xcdr\x0f`\x05\xcdr\x0f\x0e" +
	"\x02p\x03\xdcr\x10`\x05\xdcr\x10\x01\x00\x04\x01\x00\x04\xb5\x02\x01\x04\x01\a\x01\b\x01\t\x01\n\x03\r\x03\x10\x01\x11\x03\x14\x03\x17\x01\x18\x02\x1a\x01\x01\x00\x04\x1b\t\x01\x00\x04$\x06\x01\x00\x04*\x03\x01\x00\x04\x02-" +
	"\n7\x17N\bV\n\x01\x00\x04\x01`\x05e\a\x01\x00\x04\x02l\x04\f\x03\x01`\x05\x81G\x06\x04\x01`\x05\x87G\a\x05\x01`\x05\x8eG\b\x06\x01`\x05\x96G\x06\a\x01`\x05\x9cG\a\b\x01`\x05\xa3G\b" +
	"\t\x01`\x05\xd3\x1c\b\n\x01`\x05\xecr\t\v\x01`\x05\xf5r\n\f\x01`\x05\xffr\t\r\x01`\x05\x88s\n\x0e\x01`\x05\x92s\v\xeb\x01\x05\f\x03\x01`\x05\xc9\t\x02\x04\x01`\x05\xcb\t\x03\x05\x01`\x05" +
	"\xce\t\x04\x06\x01`\x05\x9ds\x02\a\x01`\x05\x9fs\x03\b\x01`\x05\xa2s\x04\t\x01`\x05\xfc\x1e\x02\n\x01`\x05\xfe\x1e\x03\v\x01`\x05\x81\x1f\x04\f\x01`\x05\x85\x1f\x02\r\x01`\x05\x87\x1f\x03\x0e\x01`\x05\xe4" +
	"\x1e\x04\x01\xa6s\x04\x02\x00\x04\xb5\x02\x01\x04\x01\a\x01\b\x01\t\x01\xaas'\r\x03\x10\x01\t\x01\x14\x03\x17\x01\x18\x02\x1a\x01\xa6s\x04\xb5\x02\x01\x04\x01\a\x01\b\x01\t\x01\xaas'\r\x03\x10\x01\t\x01\x14\x03\x17\x01" +
	"\x18\x02\x1a\x01\x02\x00\x04\x1b\t\xa6s\x04\x1b\t\x02\x00\x04$\x06\xa6s\x04$\x06\x02\x00\x04*\x03\xa6s\x04*\x03\x02\x00\x04\x02-\n\xa0#\fN\b\xd4\b\f\xa6s\x04\x02-\n\xa0#\fN\b\xd4\b\f\x02\x00" +
	"\x04\x01`\x05\xd1s\a\xa6s\x04\x01`\x05\xd1s\a\x02\x00\x04\x02l\x04\f\x03\x01`\x05\xd8s\x11\x04\x01`\x05\xe9s\x14\x05\x01`\x05\xfds\x11\x06\x01`\x05\x8et\x0e\a\x01`\x05\x9ct\x0e\b\x01`\x05\xaat" +
	"\x0f\t\x01`\x05\xb9t\x10\n\x01`\x05\xc9t\x11\v\x01`\x05\xdat!\f\x01`\x05\xfbt\x1e\r\x01`\x05\x99u\x1b\x0e\x01`\x05\xb4u\x11\xeb\x01\x05\f\x03\x01`\x05\xc5u\x12\x04\x01`\x05\xd7u\x15\x05\x01`" +
	"\x05\xecu\x12\x06\x01`\x05\xfeu\x0f\a\x01`\x05\x8dv\x0f\b\x01`\x05\x9cv\x10\t\x01`\x05\xacv\v\n\x01`\x05\xb7v\x0e\v\x01`\x05\xc5v\x0e\f\x01`\x05\xd3v\x1a\r\x01`\x05\xedv\x17\x0e\x01`\x05" +
	"\x84w\x12\xa6s\x04\x02l\x04\f\x03\x01`\x05\xd8s\x11\x04\x01`\x05\xe9s\x14\x05\x01`\x05\xfds\x11\x06\x01`\x05\x8et\x0e\a\x01`\x05\x9ct\x0e\b\x01`\x05\xaat\x0f\t\x01`\x05\xb9t\x10\n\x01`\x05\xc9" +
	"t\x11\v\x01`\x05\xdat!\f\x01`\x05\xfbt\x1e\r\x01`\x05\x99u\x1b\x0e\x01`\x05\xb4u\x11\xeb\x01\x05\f\x03\x01`\x05\xc5u\x12\x04\x01`\x05\xd7u\x15\x05\x01`\x05\xecu\x12\x06\x01`\x05\xfeu\x0f\a\x01" +
	"`\x05\x8dv\x0f\b\x01`\x05\x9cv\x10\t\x01`\x05\xacv\v\n\x01`\x05\xb7v\x0e\v\x01`\x05\xc5v\x0e\f\x01`\x05\xd3v\x1a\r\x01`\x05\xedv\x17\x0e\x01`\x05\x84w\x12\x01\x00\x04\x01\x00\x04\x04\x01\x05\x02" +
	"\a\x01\b\x01\xb8*\x03\n\x03\r\x03\x96w\x03\x11\x03\x14\x03\x17\x01\x18\x02\x1a\x01\x01\x00\x04\x1b\t\x01\x00\x04\x9a\n\b\x01\x00\x04*\x03\x01\x00\x04\x02-\n\x99w\x1bN\b\xb4w\x1a\x01\x00\x04\x01`\x05e\a\x01\x00" +
	"\x04\x02l\x04\f\x03\x02p\x03\xcew\a`\x05\xcew\a\x04\x02p\x03\xd5w\b`\x05\xd5w\b\x05\x02p\x03\xddw\t`\x05\xddw\t\x06\x02p\x03\xa5\x1f\t`\x05\xae\x1f\v\a\x02p\x03\xb9\x1f\f`\x05\xb9\x1f" +
	"\f\b\x02p\x03\xc5\x1f\r`\x05\xc5\x1f\r\t\x02p\x03\xd2\x1f\n`\x05\xdc\x1f\f\n\x02p\x03\xe8\x1f\r`\x05\xe8\x1f\r\v\x02p\x03\xf5\x1f\x0e`\x05\xf5\x1f\x0e\f\x02p\x03\x83 \t`\x05\x8c \v\r\x02p" +
	"\x03\x97 \f`\x05\x97 \f\x0e\x02p\x03\xa3 \r`\x05\xa3 \r\xeb\x01\x05\f\x03\x02p\x03\xdf(\x02`\x05\xdf(\x02\x04\x02p\x03\xe1(\x03`\x05\xe1(\x03\x05\x02p\x03\xe4(\x04`\x05\xe4(\x04\x06\x02p" +
	"\x03\xe6w\n`\x05\xe6w\n\a\x02p\x03\xf0w\v`\x05\xf0w\v\b\x02p\x03\xfbw\f`\x05\xfbw\f\t\x02p\x03\xc22\t`\x05\xc22\t\n\x02p\x03\xcb2\n`\x05\xcb2\n\v\x02p\x03\xd52\v" +
	"`\x05\xd52\v\f\x02p\x03\x87x\n`\x05\x87x\n\r\x02p\x03\x91x\v`\x05\x91x\v\x0e\x02p\x03\x9cx\f`\x05\x9cx\f\x01\xcep\x04\x02\xcep\x04\xb5\x02\x01\x04\x01\a\x01\b\x01\t\x01\n\x03\r\x03" +
	"\x10\x01\x11\x03\x14\x03\x17\x01\x18\x02\x1a\x01\x00\x04\xb5\x02\x01\x04\x01\a\x01\b\x01\t\x01\n\x03\r\x03\x10\x01\x11\x03\x14\x03\x17\x01\x18\x02\x1a\x01\x02\xcep\x04\x96\x15\f\x00\x04\x96\x15\f\x02\xcep\x04\xa2\x15\t\x00\x04$\x06" +
	"\x02\xcep\x04*\x03\x00\x04*\x03\x02\xcep\x04\x02-\n\xa8x\x0fN\b\xa8x\x0f\x00\x04\x02-\n\xa8x\x0fN\b\xa8x\x0f\x02\xcep\x04\x01`\x05e\a\x00\x04\x01`\x05e\a\x02\xcep\x04\x02l\x04\f\x03\x02" +
	"p\x03\xd2p\x0e`\x05\xd2p\x0e\x04\x02p\x03\xe0p\x0f`\x05\xe0p\x0f\x05\x02p\x03\xcd>\v`\x05\xcd>\v\x06\x02p\x03\xb7x\x0e`\x05\xb7x\x0e\a\x02p\x03\xc5x\x0f`\x05\xc5x\x0f\b\x02p\x03\xd4x" +
	"\x10`\x05\xd4x\x10\t\x02p\x03\x87?\v`\x05\x87?\v\n\x02p\x03\x92?\f`\x05\x92?\f\v\x02p\x03\xe4x\r`\x05\xe4x\r\f\x02p\x03\xa9?\f`\x05\xa9?\f\r\x02p\x03\xf1x\v`\x05\xf1" +
	"x\v\x0e\x02p\x03\xfcx\f`\x05\xfcx\f\xeb\x01\x05\f\x03\x02p\x03\x88y\x0f`\x05\x88y\x0f\x04\x02p\x03\x97y\x10`\x05\x97y\x10\x05\x02p\x03\xf5?\f`\x05\xf5?\f\x06\x02p\x03\x81@\r`\x05\x81" +
	"@\r\a\x02p\x03\xa7y\x0f`\x05\xa7y\x0f\b\x02p\x03\xb6y\x10`\x05\xb6y\x10\t\x02p\x03\xc6y\f`\x05\xc6y\f\n\x02p\x03\xd2y\r`\x05\xd2y\r\v\x02p\x03\xdfy\f`\x05\xdfy\f\f\x02" +
	"p\x03\xeby\r`\x05\xeby\r\r\x02p\x03\xf8y\f`\x05\xf8y\f\x0e\x02p\x03\x84z\r`\x05\x84z\r\x00\x04\x02l\x04\f\x03\x02p\x03\xd2p\x0e`\x05\xd2p\x0e\x04\x02p\x03\xe0p\x0f`\x05\xe0p\x0f" +
	"\x05\x02p\x03\xcd>\v`\x05\xcd>\v\x06\x02p\x03\xb7x\x0e`\x05\xb7x\x0e\a\x02p\x03\xc5x\x0f`\x05\xc5x\x0f\b\x02p\x03\xd4x\x10`\x05\xd4x\x10\t\x02p\x03\x87?\v`\x05\x87?\v\n\x02p\x03" +
	"\x92?\f`\x05\x92?\f\v\x02p\x03\xe4x\r`\x05\xe4x\r\f\x02p\x03\xa9?\f`\x05\xa9?\f\r\x02p\x03\xf1x\v`\x05\xf1x\v\x0e\x02p\x03\xfcx\f`\x05\xfcx\f\xeb\x01\x05\f\x03\x02p\x03" +
	"\x88y\x0f`\x05\x88y\x0f\x04\x02p\x03\x97y\x10`\x05\x97y\x10\x05\x02p\x03\xf5?\f`\x05\xf5?\f\x06\x02p\x03\x81@\r`\x05\x81@\r\a\x02p\x03\xa7y\x0f`\x05\xa7y\x0f\b\x02p\x03\xb6y\x10`" +
	"\x05\xb6y\x10\t\x02p\x03\xc6y\f`\x05\xc6y\f\n\x02p\x03\xd2y\r`\x05\xd2y\r\v\x02p\x03\xdfy\f`\x05\xdfy\f\f\x02p\x03\xeby\r`\x05\xeby\r\r\x02p\x03\xf8y\f`\x05\xf8y\f" +
	"\x0e\x02p\x03\x84z\r`\x05\x84z\r\x01\x00\x04\x01\x00\x04\x04\x01\xb5\x02\x01\a\x01\b\x01\t\x01\n\x03\r\x03\x10\x01\t\x01\x14\x03\x17\x01\x18\x02\x1a\x01\x01\x00\x04\x1b\t\x01\x00\x04$\x06\x01\x00\x04*\x03\x01\x00\x04\x02" +
	"-\n\x99w\x1bN\b\x91z\x1a\x01\x00\x04\x01`\x05e\a\x01\x00\x04\x02l\x04\f\x03\x02p\x03\xabz\t`\x05\xabz\t\x04\x02p\x03\xb4z\n`\x05\xb4z\n\x05\x02p\x03\xbez\v`\x05\xbez\v\x06\x02p" +
	"\x03\x91\x01\t`\x05\x91\x01\t\a\x02p\x03\x9a\x01\n`\x05\x9a\x01\n\b\x02p\x03\xa4\x01\v`\x05\xa4\x01\v\t\x02p\x03\xaf\x01\t`\x05\xaf\x01\t\n\x02p\x03\xb8\x01\n`\x05\xb8\x01\n\v\x02p\x03\xc2\x01\v" +
	"`\x05\xc2\x01\v\f\x02p\x03\xcd\x01\t`\x05\xcd\x01\t\r\x02p\x03\xd6\x01\n`\x05\xd6\x01\n\x0e\x02p\x03\xe0\x01\v`\x05\xe0\x01\v\xeb\x01\x05\f\x03\x01`\x05\xc9\t\x02\x04\x01`\x05\xcb\t\x03\x05\x01`\x05\xce" +
	"\t\x04\x06\x02p\x03\x84d\t`\x05\x84d\t\a\x02p\x03\x8dd\n`\x05\x8dd\n\b\x02p\x03\x97d\v`\x05\x97d\v\t\x02p\x03\xcd\x1d\t`\x05\xcd\x1d\t\n\x02p\x03\xd6\x1d\n`\x05\xd6\x1d\n\v\x02" +
	"p\x03\xe0\x1d\v`\x05\xe0\x1d\v\f\x02p\x03\xc9z\t`\x05\xc9z\t\r\x02p\x03\xd2z\n`\x05\xd2z\n\x0e\x02p\x03\xdcz\v`\x05\xdcz\v\x01\x00\x04\x01\x00\x04\xb5\x02\x01\x04\x01\a\x01\b\x01\t\x01\n" +
	"\x03\r\x03\x10\x01\x11\x03\x14\x03\x17\x01\x18\x02\x1a\x01\x01\x00\x04\x96\x15\f\x01\x00\x04\xa2\x15\t\x01\x00\x04\xfb8\x05\x01\x00\x04\x02-\n\xa0#\fN\b\xf4\x18\r\x01\x00\x04\x01`\x05e\a\x01\x00\x04\x02l\x04\f\x03\x02" +
	"p\x03\xe7z\x11`\x05\xe7z\x11\x04\x02p\x03\xf8z\x12`\x05\xf8z\x12\x05\x02p\x03\x8a{\v`\x05\x8a{\v\x06\x02p\x03\x95{\f`\x05\x95{\f\a\x02p\x03\xa1{\x0e`\x05\xa1{\x0e\b\x02p\x03\xaf{" +
	"\x0f`\x05\xaf{\x0f\t\x02p\x03\xbe{\v`\x05\xbe{\v\n\x02p\x03\xc9{\f`\x05\xc9{\f\v\x02p\x03\xd5{\v`\x05\xd5{\v\f\x02p\x03\xe0{\f`\x05\xe0{\f\r\x02p\x03\xec{\v`\x05\xec" +
	"{\v\x0e\x02p\x03\xf7{\f`\x05\xf7{\f\xeb\x01\x05\f\x03\x02p\x03\x83|\x12`\x05\x83|\x12\x04\x02p\x03\x95|\x13`\x05\x95|\x13\x05\x02p\x03\xa8|\f`\x05\xa8|\f\x06\x02p\x03\xb4|\r`\x05\xb4" +
	"|\r\a\x02p\x03\xc1|\x0f`\x05\xc1|\x0f\b\x02p\x03\xd0|\x10`\x05\xd0|\x10\t\x02p\x03\xe0|\f`\x05\xe0|\f\n\x02p\x03\xec|\r`\x05\xec|\r\v\x02p\x03\xf9|\f`\x05\xf9|\f\f\x02" +
	"p\x03\x85}\r`\x05\x85}\r\r\x02p\x03\x92}\f`\x05\x92}\f\x0e\x02p\x03\x9e}\r`\x05\x9e}\r\x01\x00\x04\x01\x00\x04\x04\x01\x05\x02\a\x01\b\x01\t\x01\n\x03\r\x03\x10\x01\x11\x03\x14\x03\x17\x01\x18\x02" +
	"\x1a\x01\x01\x00\x04\x1b\t\x01\x00\x04$\x06\x01\x00\x04*\x03\x01\x00\x04\x02-\n\xc4\x11\x1bN\b\xd4\b\f\x01\x00\x04\x01`\x05e\a\x01\x00\x04\x02l\x04\f\x03\x04\xb3\x05\x03\xab}\n\xc0\x05\x04\xb5}\np\x03\xbf}" +
	"\t`\x05\xc8}\n\x04\x04\xb3\x05\x03\xd2}\v\xc0\x05\x04\xdd}\vp\x03\xe8}\n`\x05\xf2}\v\x05\x04\xb3\x05\x03\xfd}\f\xc0\x05\x04\x89~\fp\x03\x95~\v`\x05\xa0~\f\x06\x04\xb3\x05\x03\xa8\x1b\t\xc0\x05" +
	"\x04\xac~\vp\x03\xba\x1b\b`\x05\xb7~\t\a\x04\xb3\x05\x03\xc0~\n\xc0\x05\x04\xca~\fp\x03\xd6~\t`\x05\xdf~\n\b\x04\xb3\x05\x03\xe9~\v\xc0\x05\x04\xf4~\rp\x03\x81\x7f\n`\x05\x8b\x7f\v\t\x04" +
	"\xb3\x05\x03\xf8\x1b\n\xc0\x05\x04\x96\x7f\fp\x03\x8c\x1c\t`\x05\x82\x1c\n\n\x04\xb3\x05\x03\x9f\x1c\v\xc0\x05\x04\xa2\x7f\rp\x03\x95\x1c\n`\x05\xaf\x7f\v\v\x04\xb3\x05\x03\xb5\x1c\f\xc0\x05\x04\xba\x7f\x0ep\x03\xaa\x1c" +
	"\v`\x05\xc8\x7f\f\f\x04\xb3\x05\x03\xc1\x1c\t\xc0\x05\x04\xd4\x7f\vp\x03\xd3\x1c\b`\x05\xdf\x7f\t\r\x04\xb3\x05\x03\xe8\x7f\n\xc0\x05\x04\xf2\x7f\fp\x03\xecr\t`\x05\xfe\x7f\n\x0e\x04\xb3\x05\x03\x88\x80\x01\v\xc0" +
	"\x05\x04\x93\x80\x01\rp\x03\xf5r\n`\x05\xa0\x80\x01\v\xeb\x01\x05\f\x03\x02p\x03\xab\x80\x01\t`\x05\xab\x80\x01\t\x04\x02p\x03\xb4\x80\x01\n`\x05\xb4\x80\x01\n\x05\x02p\x03\xbe\x80\x01\v`\x05\xbe\x80\x01\v\x06" +
	"\x02p\x03\xd2\t\x06`\x05\xd2\t\x06\a\x02p\x03\xd8\t\a`\x05\xd8\t\a\b\x02p\x03\xdf\t\b`\x05\xdf\t\b\t\x02p\x03\xea+\x06`\x05\xea+\x06\n\x02p\x03\xf0+\a`\x05\xf0+\a\v\x02p\x03\xf7" +
	"+\b`\x05\xf7+\b\f\x02p\x03ɀ\x01\x06`\x05ɀ\x01\x06\r\x02p\x03π\x01\a`\x05π\x01\a\x0e\x02p\x03ր\x01\b`\x05ր\x01\b\x01\x00\x04\x01\x00\x04\x04\x01\xb5\x02\x01\a\x01\b\x01" +
	"\t\x01\n\x03\r\x03\x10\x01\x11\x03\x14\x03\x17\x01\x18\x02\x1a\x01\x01\x00\x04\x1b\t\x01\x00\x04$\x06\x01\x00\x04*\x03\x01\x00\x04\x02-\n\xa0#\fN\b\xa0#\f\x01\x00\x04\x01`\x05e\a\x01\x00\x04\x02l\x04\f\x03\x02" +
	"p\x03\x89\x1e\x05`\x05\x89\x1e\x05\x04\x02p\x03\x8e\x1e\x06`\x05\x8e\x1e\x06\x05\x02p\x03\x94\x1e\a`\x05\x94\x1e\a\x06\x02p\x03ހ\x01\t`\x05\xe7\x80\x01\n\a\x02p\x03\xf1\x80\x01\n`\x05\xfb\x80\x01\v\b\x02" +
	"p\x03\x86\x81\x01\v`\x05\x91\x81\x01\f\t\x02p\x03\x9d\x81\x01\t`\x05\xa6\x81\x01\n\n\x02p\x03\xb0\x81\x01\n`\x05\xba\x81\x01\v\v\x02p\x03Ł\x01\v`\x05Ё\x01\f\f\x02p\x03܁\x01\n`\x05" +
	"\xe6\x81\x01\v\r\x02p\x03\xf1\x81\x01\v`\x05\xfc\x81\x01\f\x0e\x02p\x03\x88\x82\x01\f`\x05\x94\x82\x01\r\xeb\x01\x05\f\x03\x02p\x03\x8a*\x06`\x05\x8a*\x06\x04\x02p\x03\x90*\a`\x05\x90*\a\x05\x02p\x03" +
	"\x97*\b`\x05\x97*\b\x06\x02p\x03\xa1\x82\x01\x05`\x05\xa1\x82\x01\x05\a\x02p\x03\xa6\x82\x01\x06`\x05\xa6\x82\x01\x06\b\x02p\x03\xac\x82\x01\a`\x05\xac\x82\x01\a\t\x02p\x03\xb3\x82\x01\x05`\x05\xb3\x82\x01\x05" +
	"\n\x02p\x03\xb8\x82\x01\x06`\x05\xb8\x82\x01\x06\v\x02p\x03\xbe\x82\x01\a`\x05\xbe\x82\x01\a\f\x02p\x03ł\x01\x06`\x05ł\x01\x06\r\x02p\x03˂\x01\a`\x05˂\x01\a\x0e\x02p\x03҂\x01\b" +
	"`\x05҂\x01\b\x01\x00\x04\x01\x00\x04\x04\x01\x05\x02\a\x01\b\x01\t\x01\n\x03\r\x03\x10\x01\t\x01\x14\x03\x17\x01\x18\x02\x1a\x01\x01\x00\x04\x1b\t\x01\x00\x04$\x06\x01\x00\x04*\x03\x01\x00\x04\x02-\n\xc4\x11\x1bN\b" +
	"\xd4\b\f\x01\x00\x04\x01`\x05e\a\x01\x00\x04\x02l\x04\f\x03\x02p\x03\x89\x1e\x05`\x05\x89\x1e\x05\x04\x02p\x03\x8e\x1e\x06`\x05\x8e\x1e\x06\x05\x02p\x03\x94\x1e\a`\x05\x94\x1e\a\x06\x02p\x03ހ\x01\t`\x05" +
	"\xe7\x80\x01\n\a\x02p\x03\xfb\x80\x01\v`\x05\xfb\x80\x01\v\b\x02p\x03\x91\x81\x01\f`\x05\x91\x81\x01\f\t\x02p\x03ڂ\x01\x0e`\x05ڂ\x01\x0e\n\x02p\x03\xe8\x82\x01\x0f`\x05\xe8\x82\x01\x0f\v\x02p\x03" +
	"\xf7\x82\x01\x10`\x05\xf7\x82\x01\x10\f\x02p\x03\x87\x83\x01\t`\x05\x90\x83\x01\n\r\x02p\x03\x9a\x83\x01\v`\x05\x9a\x83\x01\v\x0e\x02p\x03\xa5\x83\x01\f`\x05\xa5\x83\x01\f\xeb\x01\x05\f\x03\x02p\x03\x8a*\x06`" +
	"\x05\x8a*\x06\x04\x02p\x03\x90*\a`\x05\x90*\a\x05\x02p\x03\x97*\b`\x05\x97*\b\x06\x02p\x03\xbd\x1a\x04`\x05\xbd\x1a\x04\a\x02p\x03\xc1\x1a\x05`\x05\xc1\x1a\x05\b\x02p\x03\xc6\x1a\x06`\x05\xc6\x1a\x06" +
	"\t\x02p\x03\xb1\x83\x01\x05`\x05\xb1\x83\x01\x05\n\x02p\x03\xb6\x83\x01\x06`\x05\xb6\x83\x01\x06\v\x02p\x03\xbc\x83\x01\a`\x05\xbc\x83\x01\a\f\x02p\x03Ã\x01\x05`\x05Ã\x01\x05\r\x02p\x03ȃ\x01\x06" +
	"`\x05ȃ\x01\x06\x0e\x02p\x03\u0383\x01\a`\x05\u0383\x01\a\x01\x00\x04\x01\x00\x04\x04\x01\xb5\x02\x01\a\x01\b\x01\t\x01\n\x03\r\x03\x10\x01\t\x01\x14\x03\x17\x01\x18\x02\x1a\x01\x01\x00\x04\x1b\t\x01\x00\x04\x9a\n\b" +
	"\x01\x00\x04*\x03\x01\x00\x04\x02-\n\xc4\x11\x1bN\b\xd4\b\f\x01\x00\x04\x03\xb3\x05\x03e\ap\x03e\a`\x05Ճ\x01\n\x01\x00\x04\x02l\x04\f\x03\x03\xb3\x05\x03߃\x01\x05p\x03\xe4\x83\x01\x05`\x05\xe9\x83" +
	"\x01\b\x04\x03\xb3\x05\x03\xf1\x83\x01\x06p\x03\xf7\x83\x01\x06`\x05\xfd\x83\x01\t\x05\x03\xb3\x05\x03\x86\x84\x01\ap\x03\x8d\x84\x01\a`\x05\x94\x84\x01\n\x06\x03\xb3\x05\x03\x9e\x84\x01\np\x03\xba\x1b\b`\x05\xa8\x84\x01\r" +
	"\a\x03\xb3\x05\x03\xb5\x84\x01\vp\x03\xd6~\t`\x05\xc0\x84\x01\x0e\b\x03\xb3\x05\x03΄\x01\fp\x03\x81\x7f\n`\x05ڄ\x01\x0f\t\x03\xb3\x05\x03\xe9\x84\x01\np\x03\x8c\x1c\t`\x05\xf3\x84\x01\r\n\x03\xb3\x05" +
	"\x03\x80\x85\x01\vp\x03\x95\x1c\n`\x05\x8b\x85\x01\x0e\v\x03\xb3\x05\x03\x99\x85\x01\fp\x03\xaa\x1c\v`\x05\xa5\x85\x01\x0f\f\x03\xb3\x05\x03\xb4\x85\x01\vp\x03\xffr\t`\x05\xbf\x85\x01\x0e\r\x03\xb3\x05\x03ͅ\x01" +
	"\fp\x03\x88s\n`\x05م\x01\x0f\x0e\x03\xb3\x05\x03\xe8\x85\x01\rp\x03\x92s\v`\x05\xf5\x85\x01\x10\xeb\x01\x05\f\x03\x02p\x03\xb4*\x04`\x05\xb4*\x04\x04\x02p\x03\x85\x86\x01\x05`\x05\x85\x86\x01\x05\x05\x02" +
	"p\x03\x8a\x86\x01\x06`\x05\x8a\x86\x01\x06\x06\x02p\x03\xaf\x1d\t`\x05\xaf\x1d\t\a\x02p\x03\xb8\x1d\n`\x05\xb8\x1d\n\b\x02p\x03\xc2\x1d\v`\x05\xc2\x1d\v\t\x02p\x03\xcd\x1d\t`\x05\xcd\x1d\t\n\x02p\x03" +
	"\xd6\x1d\n`\x05\xd6\x1d\n\v\x02p\x03\xe0\x1d\v`\x05\xe0\x1d\v\f\x02p\x03\x90\x86\x01\n`\x05\x90\x86\x01\n\r\x02p\x03\x9a\x86\x01\v`\x05\x9a\x86\x01\v\x0e\x02p\x03\xa5\x86\x01\f`\x05\xa5\x86\x01\f\x01\x00" +
	"\x04\x01\x00\x04\x04\x01\x05\x02\a\x01\b\x01\t\x01\xb1\x86\x01\x10\r\x03\x97\n\x03\x11\x03\x14\x03\x17\x01\x18\x02\x1a\x01\x01\x00\x04\x1b\t\x01\x00\x04\x9a\n\b\x01\x00\x04*\x03\x01\x00\x04\x02-\n\xd4\b\fN\b\xd4\b\f\x01" +
	"\x00\x04\x01`\x05e\a\x01\x00\x04\x02l\x04\f\x03\x04\xb3\x05\x03\xc1\x86\x01\x0e\xc0\x05\x04\xb0\n\fp\x03\xbc\n\x0e`\x05\xc1\x86\x01\x0e\x04\x04\xb3\x05\x03φ\x01\x0f\xc0\x05\x04\xd9\n\rp\x03\xe6\n\x0f`\x05φ" +
	"\x01\x0f\x05\x04\xb3\x05\x03ކ\x01\x10\xc0\x05\x04\x85\v\x0ep\x03\x93\v\x10`\x05ކ\x01\x10\x06\x04\xb3\x05\x03\xee\x86\x01\x12\xc0\x05\x04\x80\x87\x01\x14p\x03\xd5Q\x10`\x05\xee\x86\x01\x12\a\x04\xb3\x05\x03\x94\x87\x01\x13" +
	"\xc0\x05\x04\xa7\x87\x01\x15p\x03\xe5Q\x11`\x05\x94\x87\x01\x13\b\x04\xb3\x05\x03\xbc\x87\x01\x14\xc0\x05\x04Ї\x01\x16p\x03\xf6Q\x12`\x05\xbc\x87\x01\x14\t\x04\xb3\x05\x03\xe6\x87\x01\x14\xc0\x05\x04\xfa\x87\x01\x16p\x03\x88" +
	"R\x12`\x05\xe6\x87\x01\x14\n\x04\xb3\x05\x03\x90\x88\x01\x15\xc0\x05\x04\xa5\x88\x01\x17p\x03\x9aR\x13`\x05\x90\x88\x01\x15\v\x04\xb3\x05\x03\xbc\x88\x01\x16\xc0\x05\x04҈\x01\x18p\x03\xadR\x14`\x05\xbc\x88\x01\x16\f\x04" +
	"\xb3\x05\x03\xea\x88\x01\x14\xc0\x05\x04\xfe\x88\x01\x16p\x03\xc1R\x12`\x05\xea\x88\x01\x14\r\x04\xb3\x05\x03\x94\x89\x01\x15\xc0\x05\x04\xa9\x89\x01\x17p\x03\xd3R\x13`\x05\x94\x89\x01\x15\x0e\x04\xb3\x05\x03\xc0\x89\x01\x16\xc0\x05\x04" +
	"։\x01\x18p\x03\xe6R\x14`\x05\xc0\x89\x01\x16\xeb\x01\x05\f\x03\x02p\x03\xb7\x10\f`\x05\xb7\x10\f\x04\x02p\x03\xc3\x10\r`\x05\xc3\x10\r\x05\x02p\x03\xd0\x10\x0e`\x05\xd0\x10\x0e\x06\x02p\x03\xde\x10\t`\x05" +
	"\xde\x10\t\a\x02p\x03\xe7\x10\n`\x05\xe7\x10\n\b\x02p\x03\xf1\x10\v`\x05\xf1\x10\v\t\x02p\x03\xfc\x10\v`\x05\xfc\x10\v\n\x02p\x03\x87\x11\f`\x05\x87\x11\f\v\x02p\x03\x93\x11\r`\x05\x93\x11\r\f" +
	"\x02p\x03\xa0\x11\v`\x05\xa0\x11\v\r\x02p\x03\xab\x11\f`\x05\xab\x11\f\x0e\x02p\x03\xb7\x11\r`\x05\xb7\x11\r\x01\x00\x04\x01\x00\x04\xb5\x02\x01\x04\x01\a\x01\b\x01\t\x01\n\x03\r\x03\x10\x01\x11\x03\x14\x03\x17\x01" +
	"\x18\x02\xb5\x02\x01\x01\x00\x04\x1b\t\x01\x00\x04$\x06\x01\x00\x04\xdf[\x01\x01\x00\x04\x02-\n7\x17N\bV\n\x01\x00\x04\x02p\x03\xee\x89\x01\x06`\x05\xee\x89\x01\x06\x01\x00\x04\x02l\x04\f\x03\x02p\x03\xf4\x89\x01\v" +
	"`\x05\xf4\x89\x01\v\x04\x02p\x03\xff\x89\x01\f`\x05\xff\x89\x01\f\x05\x02p\x03\x8b\x8a\x01\r`\x05\x8b\x8a\x01\r\x06\x02p\x03\x98\x8a\x01\x14`\x05\x98\x8a\x01\x14\a\x02p\x03\xac\x8a\x01\x15`\x05\xac\x8a\x01\x15\b\x02" +
	"p\x03\xc1\x8a\x01\x16`\x05\xc1\x8a\x01\x16\t\x02p\x03\u05ca\x01\x14`\x05\u05ca\x01\x14\n\x02p\x03\xeb\x8a\x01\x15`\x05\xeb\x8a\x01\x15\v\x02p\x03\x80\x8b\x01\x16`\x05\x80\x8b\x01\x16\f\x02p\x03\x96\x8b\x01\x1d`\x05" +
	"\x96\x8b\x01\x1d\r\x02p\x03\xb3\x8b\x01\x1e`\x05\xb3\x8b\x01\x1e\x0e\x02p\x03ы\x01\x1f`\x05ы\x01\x1f\xeb\x01\x05\f\x03\x02p\x03\xf0\x8b\x01\x04`\x05\xf0\x8b\x01\x04\x04\x02p\x03\xf4\x8b\x01\x05`\x05\xf4\x8b\x01\x05" +
	"\x05\x02p\x03\xf9\x8b\x01\x06`\x05\xf9\x8b\x01\x06\x06\x02p\x03\xff\x8b\x01\a`\x05\xff\x8b\x01\a\a\x02p\x03\x86\x8c\x01\b`\x05\x86\x8c\x01\b\b\x02p\x03\x8e\x8c\x01\t`\x05\x8e\x8c\x01\t\t\x02p\x03\x97\x8c\x01\a" +
	"`\x05\x97\x8c\x01\a\n\x02p\x03\x9e\x8c\x01\b`\x05\x9e\x8c\x01\b\v\x02p\x03\xa6\x8c\x01\t`\x05\xa6\x8c\x01\t\f\x02p\x03\xaf\x8c\x01\x10`\x05\xaf\x8c\x01\x10\r\x02p\x03\xbf\x8c\x01\x11`\x05\xbf\x8c\x01\x11\x0e\x02" +
	"p\x03Ќ\x01\x12`\x05Ќ\x01\x12\x01\x00\x04\x01\x00\x04\x04\x01\x05\x02\a\x01\b\x01\t\x01\n\x03\r\x03\x10\x01\x11\x03\x14\x03\xac#\x01\x18\x02\x1a\x01\x01\x00\x04\x1b\t\x01\x00\x04\x9a\n\b\x01\x00\x04*\x03\x01\x00\x04" +
	"\x02-\n\xc4\x11\x1bN\b\xd4\b\f\x01\x00\x04\x01`\x05e\a\x01\x00\x04\x02l\x04\f\x03\x04\xb3\x05\x03\xef\x1a\t\xc0\x05\x04\xe2\x8c\x01\tp\x03\xf8\x1a\b`\x05\xf8\x1a\b\x04\x04\xb3\x05\x03\x80\x1b\t\xc0\x05\x04\xeb\x8c" +
	"\x01\np\x03\x80\x1b\t`\x05\x80\x1b\t\x05\x04\xb3\x05\x03\x93\x1b\n\xc0\x05\x04\xf5\x8c\x01\vp\x03\x93\x1b\n`\x05\x93\x1b\n\x06\x04\xb3\x05\x03\x80\x8d\x01\n\xc0\x05\x04\x8a\x8d\x01\np\x03\x94\x8d\x01\t`\x05\x9d\x8d\x01" +
	"\v\a\x04\xb3\x05\x03\xa8\x8d\x01\f\xc0\x05\x04\xb4\x8d\x01\vp\x03\xa8\x8d\x01\f`\x05\xa8\x8d\x01\f\b\x04\xb3\x05\x03\xbf\x8d\x01\r\xc0\x05\x04̍\x01\fp\x03\xbf\x8d\x01\r`\x05\xbf\x8d\x01\r\t\x04\xb3\x05\x03\xf8\x1b" +
	"\n\xc0\x05\x04\xf8\x1b\np\x03\x82\x1c\n`\x05؍\x01\n\n\x04\xb3\x05\x03\xe2\x8d\x01\v\xc0\x05\x04\x9f\x1c\vp\x03\xe2\x8d\x01\v`\x05\xe2\x8d\x01\v\v\x04\xb3\x05\x03\xed\x8d\x01\f\xc0\x05\x04\xb5\x1c\fp\x03\xed\x8d" +
	"\x01\f`\x05\xed\x8d\x01\f\f\x04\xb3\x05\x03\xf9\x8d\x01\n\xc0\x05\x04\x83\x8e\x01\np\x03\x8d\x8e\x01\t`\x05\x96\x8e\x01\v\r\x04\xb3\x05\x03\xa1\x8e\x01\f\xc0\x05\x04\xad\x8e\x01\vp\x03\xa1\x8e\x01\f`\x05\xa1\x8e\x01\f" +
	"\x0e\x04\xb3\x05\x03\xb8\x8e\x01\r\xc0\x05\x04Ŏ\x01\fp\x03\xb8\x8e\x01\r`\x05\xb8\x8e\x01\r\xeb\x01\x05\f\x03\x02p\x03\x91\x1d\t`\x05\x91\x1d\t\x04\x02p\x03\x9a\x1d\n`\x05\x9a\x1d\n\x05\x02p\x03\xa4\x1d\v`" +
	"\x05\xa4\x1d\v\x06\x02p\x03\xaf\x1d\t`\x05\xaf\x1d\t\a\x02p\x03\xb8\x1d\n`\x05\xb8\x1d\n\b\x02p\x03\xc2\x1d\v`\x05\xc2\x1d\v\t\x02p\x03\xcd\x1d\t`\x05\xcd\x1d\t\n\x02p\x03\xd6\x1d\n`\x05\xd6\x1d\n" +
	"\v\x02p\x03\xe0\x1d\v`\x05\xe0\x1d\v\f\x02p\x03\xeb\x1d\t`\x05\xeb\x1d\t\r\x02p\x03\xf4\x1d\n`\x05\xf4\x1d\n\x0e\x02p\x03\xfe\x1d\v`\x05\xfe\x1d\v\x01\x00\x04\x01\x00\x04\x04\x01\xb5\x02\x01\a\x01\b\x01\xb8" +
	"*\x03\n\x03\r\x03\x10\x01\x11\x03\x14\x03\xac#\x01\x18\x02\x1a\x01\x01\x00\x04\x1b\t\x01\x00\x04\x9a\n\b\x01\x00\x04*\x03\x01\x00\x04\x02-\n\xc4\x11\x1bN\b\xd4\b\f\x01\x00\x04\x01`\x05e\a\x01\x00\x04\x02l\x04\f" +
	"\x03\x04\xb3\x05\x03ю\x01\bp\x03ю\x01\b`\x05ю\x01\b\xcc\x05\x03ю\x01\b\x04\x04\xb3\x05\x03َ\x01\tp\x03َ\x01\t`\x05َ\x01\t\xcc\x05\x03َ\x01\t\x05\x04\xb3\x05\x03\xe2\x8e\x01" +
	"\np\x03\xe2\x8e\x01\n`\x05\xe2\x8e\x01\n\xcc\x05\x03\xe2\x8e\x01\n\x06\x04\xb3\x05\x03\xec\x8e\x01\np\x03\xf6\x8e\x01\t`\x05\xff\x8e\x01\v\xcc\x05\x03\x8a\x8f\x01\n\a\x04\xb3\x05\x03\x94\x8f\x01\vp\x03\x9f\x8f\x01\n`" +
	"\x05\xa9\x8f\x01\f\xcc\x05\x03\x94\x8f\x01\v\b\x04\xb3\x05\x03\xb5\x8f\x01\fp\x03\xc1\x8f\x01\v`\x05̏\x01\r\xcc\x05\x03ُ\x01\f\t\x04\xb3\x05\x03\xdbA\vp\x03\xe6A\v`\x05\xe5\x8f\x01\n\xcc\x05\x03\xf1A" +
	"\v\n\x04\xb3\x05\x03\xfcA\fp\x03\x88B\f`\x05\xef\x8f\x01\v\xcc\x05\x03\x94B\f\v\x04\xb3\x05\x03\xa0B\rp\x03\xadB\r`\x05\xfa\x8f\x01\f\xcc\x05\x03\xbaB\r\f\x04\xb3\x05\x03\x86\x90\x01\np\x03\x90\x90" +
	"\x01\t`\x05\x99\x90\x01\v\xcc\x05\x03\xa4\x90\x01\n\r\x04\xb3\x05\x03\xae\x90\x01\vp\x03\xb9\x90\x01\n`\x05Ð\x01\f\xcc\x05\x03ϐ\x01\v\x0e\x04\xb3\x05\x03ڐ\x01\fp\x03\xe6\x90\x01\v`\x05\xf1\x90\x01\r" +
	"\xcc\x05\x03\xfe\x90\x01\f\xeb\x01\x05\f\x03\x02p\x03\x91\x1d\t`\x05\x91\x1d\t\x04\x02p\x03\x9a\x1d\n`\x05\x9a\x1d\n\x05\x02p\x03\xa4\x1d\v`\x05\xa4\x1d\v\x06\x02p\x03\xbf \t`\x05\xbf \t\a\x02p\x03\xc8" +
	" \n`\x05\xc8 \n\b\x02p\x03\xd2 \v`\x05\xd2 \v\t\x02p\x03\xc22\t`\x05\xc22\t\n\x02p\x03\xcb2\n`\x05\xcb2\n\v\x02p\x03\xd52\v`\x05\xd52\v\f\x02p\x03\xeb\x1d\t`\x05" +
	"\xeb\x1d\t\r\x02p\x03\xf4\x1d\n`\x05\xf4\x1d\n\x0e\x02p\x03\xfe\x1d\v`\x05\xfe\x1d\v\x01\x00\x04\x01\x00\x04\x04\x01\x05\x02\a\x01\b\x01\t\x01\n\x03\r\x03\x97\n\x03\t\x01\x14\x03\x17\x01\x18\x02\x1a\x01\x01\x00\x04\x1b" +
	"\t\x01\x00\x04$\x06\x01\x00\x04*\x03\x01\x00\x04\x02-\n\xc4\x11\x1bN\b\xd4\b\f\x01\x00\x04\x01`\x05e\a\x01\x00\x04\x02l\x04\f\x03\x02p\x03\x8a\x91\x01\a`\x05\x8a\x91\x01\a\x04\x02p\x03\x91\x91\x01\b`\x05" +
	"\x91\x91\x01\b\x05\x02p\x03\x99\x91\x01\t`\x05\x99\x91\x01\t\x06\x02p\x03\xba\x1b\b`\x05\xba\x1b\b\a\x02p\x03\xd6~\t`\x05\xd6~\t\b\x02p\x03\x81\x7f\n`\x05\x81\x7f\n\t\x02p\x03\x8c\x1c\t`\x05\x8c" +
	"\x1c\t\n\x02p\x03\x95\x1c\n`\x05\x95\x1c\n\v\x02p\x03\xaa\x1c\v`\x05\xaa\x1c\v\f\x02p\x03\xd3\x1c\b`\x05\xd3\x1c\b\r\x02p\x03\xecr\t`\x05\xecr\t\x0e\x02p\x03\xf5r\n`\x05\xf5r\n\xeb\x01" +
	"\x05\f\x03\x02p\x03\xa2\x91\x01\b`\x05\xa2\x91\x01\b\x04\x02p\x03\xaa\x91\x01\t`\x05\xaa\x91\x01\t\x05\x02p\x03\xb3\x91\x01\n`\x05\xb3\x91\x01\n\x06\x02p\x03\xd2\t\x06`\x05\xd2\t\x06\a\x02p\x03\xd8\t\a`" +
	"\x05\xd8\t\a\b\x02p\x03\xdf\t\b`\x05\xdf\t\b\t\x02p\x03\xea+\x06`\x05\xea+\x06\n\x02p\x03\xf0+\a`\x05\xf0+\a\v\x02p\x03\xf7+\b`\x05\xf7+\b\f\x02p\x03ɀ\x01\x06`\x05ɀ" +
	"\x01\x06\r\x02p\x03π\x01\a`\x05π\x01\a\x0e\x02p\x03ր\x01\b`\x05ր\x01\b\x01\x00\x04\x01\x00\x04\x04\x01\xb5\x02\x01\a\x01\b\x01\t\x01\n\x03\r\x03\x10\x01\x11\x03\x14\x03\x17\x01\x18\x02\x1a\x01\x01" +
	"\x00\x04\x1b\t\x01\x00\x04$\x06\x01\x00\x04*\x03\x01\x00\x04\x02-\n\xc4\x11\x1bN\b\xd4\b\f\x01\x00\x04\x01`\x05e\a\x01\x00\x04\x02l\x04\f\x03\x03\xb3\x05\x03\xbd\x91\x01\x0ep\x03ˑ\x01\x0e`\x05ˑ\x01\x0e" +
	"\x04\x03\xb3\x05\x03ّ\x01\x0fp\x03\xe8\x91\x01\x0f`\x05\xe8\x91\x01\x0f\x05\x03\xb3\x05\x03\xf7\x91\x01\x10p\x03\x87\x92\x01\x10`\x05\x87\x92\x01\x10\x06\x03\xb3\x05\x03\xa5\x12\x10p\x03\x97\x12\x0e`\x05\xa5\x12\x10\a\x03\xb3\x05" +
	"\x03\xb5\x12\x11p\x03\xc5h\x0f`\x05\xb5\x12\x11\b\x03\xb3\x05\x03\xc6\x12\x12p\x03\xe5h\x10`\x05\xc6\x12\x12\t\x03\xb3\x05\x03\x97\x92\x01\x14p\x03\x87i\x14`\x05\x9bi\x14\n\x03\xb3\x05\x03\xab\x92\x01\x15p\x03\xafi" +
	"\x15`\x05\xc4i\x15\v\x03\xb3\x05\x03\xc0\x92\x01\x16p\x03\xd9i\x16`\x05\xefi\x16\f\x03\xb3\x05\x03֒\x01\x10p\x03\x85j\x0e`\x05֒\x01\x10\r\x03\xb3\x05\x03\xe6\x92\x01\x11p\x03\xa3j\x0f`\x05\xe6\x92\x01" +
	"\x11\x0e\x03\xb3\x05\x03\xf7\x92\x01\x12p\x03\xc3j\x10`\x05\xf7\x92\x01\x12\xeb\x01\x05\f\x03\x02p\x03\x89\x93\x01\f`\x05\x89\x93\x01\f\x04\x02p\x03\x95\x93\x01\r`\x05\x95\x93\x01\r\x05\x02p\x03\xa2\x93\x01\x0e`\x05\xa2" +
	"\x93\x01\x0e\x06\x02p\x03\x8ck\f`\x05\x8ck\f\a\x02p\x03\x98k\r`\x05\x98k\r\b\x02p\x03\xb0\x93\x01\x0e`\x05\xb0\x93\x01\x0e\t\x02p\x03\xb8\x14\x0e`\x05\xb8\x14\x0e\n\x02p\x03\xc6\x14\x0f`\x05\xc6\x14" +
	"\x0f\v\x02p\x03\xd5\x14\x10`\x05\xd5\x14\x10\f\x02p\x03\xe1k\f`\x05\xe1k\f\r\x02p\x03\xedk\r`\x05\xedk\r\x0e\x02p\x03\xfak\x0e`\x05\xfak\x0e\x01\x00\x04\x01\x00\x04\x04\x01\x05\x02\a\x01\b\x01\xb8" +
	"*\x03\n\x03\r\x03\x10\x01\x11\x03\x14\x03\xbe*\x05\x18\x02\x1a\x01\x01\x00\x04\x1b\t\x01\x00\x04\x9a\n\b\x01\x00\x04*\x03\x01\x00\x04\x02-\n\xd4\b\fN\b\xd4\b\f\x01\x00\x04\x01`\x05e\a\x01\x00\x04\x02l\x04\f" +
	"\x03\x02p\x03\xcew\a`\x05\xcew\a\x04\x02p\x03\xd5w\b`\x05\xd5w\b\x05\x02p\x03\xddw\t`\x05\xddw\t\x06\x02p\x03\xdb*\b`\x05\xbe\x93\x01\n\a\x02p\x03ȓ\x01\t`\x05ѓ\x01\v\b" +
	"\x02p\x03ܓ\x01\f`\x05ܓ\x01\f\t\x02p\x03\xaf\x01\t`\x05\xe8\x93\x01\v\n\x02p\x03\xf3\x93\x01\f`\x05\xf3\x93\x01\f\v\x02p\x03\xff\x93\x01\r`\x05\xff\x93\x01\r\f\x02p\x03\x8c\x94\x01\b`\x05" +
	"\x94\x94\x01\n\r\x02p\x03\x9e\x94\x01\v`\x05\x9e\x94\x01\v\x0e\x02p\x03\xa9\x94\x01\f`\x05\xa9\x94\x01\f\xeb\x01\x05\f\x03\x02p\x03\xb5\x94\x01\x05`\x05\xb5\x94\x01\x05\x04\x02p\x03\xba\x94\x01\x06`\x05\xba\x94\x01\x06" +
	"\x05\x02p\x03\xc0\x94\x01\a`\x05\xc0\x94\x01\a\x06\x02p\x03ǔ\x01\x05`\x05ǔ\x01\x05\a\x02p\x03̔\x01\x06`\x05̔\x01\x06\b\x02p\x03Ҕ\x01\a`\x05Ҕ\x01\a\t\x02p\x03ٔ\x01\x05" +
	"`\x05ٔ\x01\x05\n\x02p\x03ޔ\x01\x06`\x05ޔ\x01\x06\v\x02p\x03\xe4\x94\x01\a`\x05\xe4\x94\x01\a\f\x02p\x03\xa3\x02\x05`\x05\xa3\x02\x05\r\x02p\x03\xa8\x02\x06`\x05\xa8\x02\x06\x0e\x02p\x03\xae\x02" +
	"\a`\x05\xae\x02\a\x01\x00\x04\x01\x00\x04\xb5\x02\x01\x04\x01\a\x01\b\x01\t\x01\n\x03\r\x03\x10\x01\x11\x03\x14\x03\x17\x01\x18\x02\x1a\x01\x01\x00\x04\x1b\t\x01\x00\x04$\x06\x01\x00\x04*\x03\x01\x00\x04\x02-\n\xa0#\fN" +
	"\b\xa0#\f\x01\x00\x04\x02p\x03e\a`\x05\xd1s\a\x01\x00\x04\x02l\x04\f\x03\x02p\x03\xeb\x94\x01\x0e`\x05\xeb\x94\x01\x0e\x04\x02p\x03\xf9\x94\x01\x10`\x05\xf9\x94\x01\x10\x05\x02p\x03\x89\x95\x01\x12`\x05\x89\x95" +
	"\x01\x12\x06\x02p\x03\x9b\x95\x01\x14`\x05\x9b\x95\x01\x14\a\x02p\x03\xaf\x95\x01\x16`\x05\xaf\x95\x01\x16\b\x02p\x03ŕ\x01\x18`\x05ŕ\x01\x18\t\x02p\x03ݕ\x01\x14`\x05ݕ\x01\x14\n\x02p\x03\xf1\x95" +
	"\x01\x16`\x05\xf1\x95\x01\x16\v\x02p\x03\x87\x96\x01\x18`\x05\x87\x96\x01\x18\f\x02p\x03\x9f\x96\x01\x16`\x05\x9f\x96\x01\x16\r\x02p\x03\xb5\x96\x01\x18`\x05\xb5\x96\x01\x18\x0e\x02p\x03͖\x01\x1a`\x05͖\x01\x1a" +
	"\xeb\x01\x05\f\x03\x02p\x03\xe7\x96\x01\x10`\x05\xe7\x96\x01\x10\x04\x02p\x03\xf7\x96\x01\x12`\x05\xf7\x96\x01\x12\x05\x02p\x03\x89\x97\x01\x14`\x05\x89\x97\x01\x14\x06\x02p\x03\x9d\x97\x01\x06`\x05\xf3\x1e\x02\a\x02p\x03\xa3" +
	"\x97\x01\b`\x05\xf5\x1e\x03\b\x02p\x03\xab\x97\x01\n`\x05\xf8\x1e\x04\t\x02p\x03\xb5\x97\x01\x06`\x05\xb5\x97\x01\x06\n\x02p\x03\xbb\x97\x01\b`\x05\xbb\x97\x01\b\v\x02p\x03×\x01\n`\x05×\x01\n\f" +
	"\x02p\x03͗\x01\x06`\x05\x85\x1f\x02\r\x02p\x03ӗ\x01\b`\x05\x87\x1f\x03\x0e\x02p\x03ۗ\x01\n`\x05\xe4\x1e\x04\x01\x00\x04\x01\x00\x04\xb5\x02\x01\x04\x01\a\x01\b\x01\t\x01\n\x03\r\x03\x10\x01\x11\x03\x14" +
	"\x03\x17\x01\x18\x02\x1a\x01\x01\x00\x04\x96\x15\f\x01\x00\x04\xa2\x15\t\x01\x00\x04*\x03\x01\x00\x04\x02-\n7\x17N\b\xf4\x18\r\x01\x00\x04\x01`\x05e\a\x01\x00\x04\x02l\x04\f\x03\x02p\x03\xe5\x97\x01\x14`\x05\xe5\x97" +
	"\x01\x14\x04\x02p\x03\xf9\x97\x01\x15`\x05\xf9\x97\x01\x15\x05\x02p\x03\x8e\x98\x01\x16`\x05\x8e\x98\x01\x16\x06\x02p\x03\xa4\x98\x01\x1d`\x05\xa4\x98\x01\x1d\a\x02p\x03\xc1\x98\x01\x1e`\x05\xc1\x98\x01\x1e\b\x02p\x03ߘ" +
	"\x01\x1f`\x05ߘ\x01\x1f\t\x02p\x03\xfe\x98\x01\x1d`\x05\xfe\x98\x01\x1d\n\x02p\x03\x9b\x99\x01\x1e`\x05\x9b\x99\x01\x1e\v\x02p\x03\xb9\x99\x01\x1f`\x05\xb9\x99\x01\x1f\f\x02p\x03ؙ\x01#`\x05ؙ\x01#" +
	"\r\x02p\x03\xfb\x99\x01$`\x05\xfb\x99\x01$\x0e\x02p\x03\x9f\x9a\x01%`\x05\x9f\x9a\x01%\xeb\x01\x05\f\x03\x02p\x03Ě\x01\x04`\x05Ě\x01\x04\x04\x02p\x03Ț\x01\x05`\x05Ț\x01\x05\x05\x02p\x03" +
	"͚\x01\x06`\x05͚\x01\x06\x06\x02p\x03Ӛ\x01\a`\x05Ӛ\x01\a\a\x02p\x03ښ\x01\b`\x05ښ\x01\b\b\x02p\x03\xe2\x9a\x01\t`\x05\xe2\x9a\x01\t\t\x02p\x03\xeb\x9a\x01\a`\x05\xeb\x9a" +
	"\x01\a\n\x02p\x03\xf2\x9a\x01\b`\x05\xf2\x9a\x01\b\v\x02p\x03\xfa\x9a\x01\t`\x05\xfa\x9a\x01\t\f\x02p\x03\x83\x9b\x01\a`\x05\x83\x9b\x01\a\r\x02p\x03\x8a\x9b\x01\b`\x05\x8a\x9b\x01\b\x0e\x02p\x03\x92\x9b" +
	"\x01\t`\x05\x92\x9b\x01\t\x01\x00\x04\x01\x00\x04\xb5\x02\x01\x04\x01\a\x01\b\x01\t\x01\n\x03\r\x03\x10\x01\x11\x03\x14\x03\x17\x01\x18\x02\x1a\x01\x01\x00\x04\x96\x15\f\x01\x00\x04$\x06\x01\x00\x04*\x03\x01\x00\x04\x02-\n7" +
	"\x17N\b\xf4\x18\r\x01\x00\x04\x01`\x05e\a\x01\x00\x04\x02l\x04\f\x03\x02p\x03\x9b\x9b\x01\x0e`\x05\xa9\x9b\x01\x0e\x04\x02p\x03\xb7\x9b\x01\x0f`\x05\xb7\x9b\x01\x0f\x05\x02p\x03ƛ\x01\x10`\x05ƛ\x01\x10\x06" +
	"\x02p\x03֛\x01\x17`\x05\xed\x9b\x01\x1d\a\x02p\x03\x8a\x9c\x01\x1e`\x05\x8a\x9c\x01\x1e\b\x02p\x03\xa8\x9c\x01\x1f`\x05\xa8\x9c\x01\x1f\t\x02p\x03ǜ\x01\x17`\x05ޜ\x01\x1d\n\x02p\x03\xfb\x9c\x01\x1e`" +
	"\x05\xfb\x9c\x01\x1e\v\x02p\x03\x99\x9d\x01\x1f`\x05\x99\x9d\x01\x1f\f\x02p\x03\xb8\x9d\x01\x1d`\x05՝\x01#\r\x02p\x03\xf8\x9d\x01$`\x05\xf8\x9d\x01$\x0e\x02p\x03\x9c\x9e\x01%`\x05\x9c\x9e\x01%\xeb\x01\x05" +
	"\f\x03\x02p\x03\xc1\x9e\x01\a`\x05\xc1\x9e\x01\a\x04\x02p\x03Ȟ\x01\b`\x05Ȟ\x01\b\x05\x02p\x03О\x01\t`\x05О\x01\t\x06\x02p\x03ٞ\x01\a`\x05ٞ\x01\a\a\x02p\x03\xe0\x9e\x01" +
	"\b`\x05\xe0\x9e\x01\b\b\x02p\x03\xe8\x9e\x01\t`\x05\xe8\x9e\x01\t\t\x02p\x03\xf1\x9e\x01\a`\x05\xf1\x9e\x01\a\n\x02p\x03\xf8\x9e\x01\b`\x05\xf8\x9e\x01\b\v\x02p\x03\x80\x9f\x01\t`\x05\x80\x9f\x01\t\f" +
	"\x02p\x03\x89\x9f\x01\r`\x05\x89\x9f\x01\r\r\x02p\x03\x96\x9f\x01\x0e`\x05\x96\x9f\x01\x0e\x0e\x02p\x03\xa4\x9f\x01\x0f`\x05\xa4\x9f\x01\x0f\x01\x00\x04\x01\x00\x04\xb5\x02\x01\x04\x01\a\x01\b\x01\t\x01\n\x03\r\x03\x10\x01" +
	"\t\x01\x14\x03\x17\x01\x18\x02\x1a\x01\x01\x00\x04\x1b\t\x01\x00\x04$\x06\x01\x00\x04*\x03\x01\x00\x04\x02-\n7\x17N\bV\n\x01\x00\x04\x01`\x05e\a\x01\x00\x04\x02l\x04\f\x03\x01`\x05\xb3\x9f\x01\v\x04\x01`\x05" +
	"\xbe\x9f\x01\x11\x05\x01`\x05ϟ\x01\v\x06\x01`\x05ڟ\x01\x0e\a\x01`\x05\xe8\x9f\x01\x0f\b\x01`\x05\xf7\x9f\x01\x10\t\x01`\x05\x87\xa0\x01\x17\n\x01`\x05\x9e\xa0\x01\x1d\v\x01`\x05\xbb\xa0\x01\x17\f\x01`\x05" +
	"Ҡ\x01\x1a\r\x01`\x05\xec\xa0\x01\x1b\x0e\x01`\x05\x87\xa1\x01\x1c\xeb\x01\x05\f\x03\x01`\x05\xc9\t\x02\x04\x01`\x05\xcb\t\x03\x05\x01`\x05\xce\t\x04\x06\x01`\x05\xf3\x1e\x02\a\x01`\x05\xf5\x1e\x03\b\x01`\x05\xf8" +
	"\x1e\x04\t\x01`\x05\xfc\x1e\x02\n\x01`\x05\xfe\x1e\x03\v\x01`\x05\x81\x1f\x04\f\x01`\x05\x85\x1f\x02\r\x01`\x05\x87\x1f\x03\x0e\x01`\x05\xe4\x1e\x04\x01\x00\x04\x01\x00\x04\x04\x01\xb5\x02\x01\a\x01\b\x01\t\x01\n\x03\r" +
	"\x03\x10\x01\x11\x03\x14\x03\x17\x01\x18\x02\x1a\x01\x01\x00\x04\x1b\t\x01\x00\x04\xa3\xa1\x01\x06\x01\x00\x04*\x03\x01\x00\x04\x02-\n7\x17N\bV\n\x01\x00\x04\x01`\x05e\a\x01\x00\x04\x02l\x04\f\x03\x02p\x03\xa9\xa1\x01" +
	"\x05`\x05\xa9\xa1\x01\x05\x04\x02p\x03\xae\xa1\x01\x06`\x05\xae\xa1\x01\x06\x05\x02p\x03\xb4\xa1\x01\a`\x05\xb4\xa1\x01\a\x06\x02p\x03\xf2\b\b`\x05\xf2\b\b\a\x02p\x03\xfa\b\t`\x05\xfa\b\t\b\x02p\x03\x83" +
	"\t\n`\x05\x83\t\n\t\x02p\x03\xbb\xa1\x01\b`\x05\xbb\xa1\x01\b\n\x02p\x03á\x01\t`\x05á\x01\t\v\x02p\x03̡\x01\n`\x05̡\x01\n\f\x02p\x03\xab\t\t`\x05\xab\t\t\r\x02p" +
	"\x03\xb4\t\n`\x05\xb4\t\n\x0e\x02p\x03\xbe\t\v`\x05\xbe\t\v\xeb\x01\x05\f\x03\x02p\x03\xe0\x1a\x04`\x05\xe0\x1a\x04\x04\x02p\x03\xe4\x1a\x05`\x05\xe4\x1a\x05\x05\x02p\x03\xe9\x1a\x06`\x05\xe9\x1a\x06\x06\x02p" +
	"\x03֡\x01\x05`\x05֡\x01\x05\a\x02p\x03ۡ\x01\x06`\x05ۡ\x01\x06\b\x02p\x03\xe1\xa1\x01\a`\x05\xe1\xa1\x01\a\t\x02p\x03\xe8\xa1\x01\x05`\x05\xe8\xa1\x01\x05\n\x02p\x03\xed\xa1\x01\x06`\x05\xed" +
	"\xa1\x01\x06\v\x02p\x03\xf3\xa1\x01\a`\x05\xf3\xa1\x01\a\f\x02p\x03\xfa\xa1\x01\x05`\x05\xfa\xa1\x01\x05\r\x02p\x03\xff\xa1\x01\x06`\x05\xff\xa1\x01\x06\x0e\x02p\x03\x85\xa2\x01\a`\x05\x85\xa2\x01\a\x01\x00\x04\x01\x00" +
	"\x04\x04\x01\x05\x02\a\x01\b\x01\t\x01\n\x03\r\x03\x10\x01\x11\x03\x14\x03\x8c\xa2\x01\x02\x18\x02\x1a\x01\x01\x00\x04\x1b\t\x01\x00\x04$\x06\x01\x00\x04*\x03\x01\x00\x04\x02-\n\xd4\b\fN\b\xd4\b\f\x01\x00\x04\x01`\x05" +
	"e\a\x01\x00\x04\x02l\x04\f\x03\x04\xb3\x05\x03\x8e\xa2\x01\x0e\xc0\x05\x04\x9c\xa2\x01\fp\x03\xa8\xa2\x01\x0e`\x05\x8e\xa2\x01\x0e\x04\x04\xb3\x05\x03\xb6\xa2\x01\x0f\xc0\x05\x04Ţ\x01\rp\x03Ң\x01\x0f`\x05\xb6\xa2\x01" +
	"\x0f\x05\x04\xb3\x05\x03\xe1\xa2\x01\x10\xc0\x05\x04\xf1\xa2\x01\x0ep\x03\xff\xa2\x01\x10`\x05\xe1\xa2\x01\x10\x06\x04\xb3\x05\x03\x8f\xa3\x01\x12\xc0\x05\x04\xa1\xa3\x01\x14p\x03\xb5\xa3\x01\x10`\x05ţ\x01\x12\a\x04\xb3\x05\x03ף" +
	"\x01\x13\xc0\x05\x04\xea\xa3\x01\x15p\x03\xff\xa3\x01\x11`\x05\x90\xa4\x01\x13\b\x04\xb3\x05\x03\xa3\xa4\x01\x14\xc0\x05\x04\xb7\xa4\x01\x16p\x03ͤ\x01\x12`\x05ߤ\x01\x14\t\x04\xb3\x05\x03\xf3\xa4\x01\x12\xc0\x05\x04\x85\xa5\x01" +
	"\x14p\x03\x95\r\x10`\x05\xa5\r\x12\n\x04\xb3\x05\x03\x99\xa5\x01\x13\xc0\x05\x04\xac\xa5\x01\x15p\x03\xdf\r\x11`\x05\xf0\r\x13\v\x04\xb3\x05\x03\xc1\xa5\x01\x14\xc0\x05\x04ե\x01\x16p\x03\xad\x0e\x12`\x05\xbf\x0e\x14\f" +
	"\x04\xb3\x05\x03\xeb\xa5\x01\x14\xc0\x05\x04\xff\xa5\x01\x16p\x03\x95\xa6\x01\x12`\x05\xa7\xa6\x01\x14\r\x04\xb3\x05\x03\xbb\xa6\x01\x15\xc0\x05\x04Ц\x01\x17p\x03\xe7\xa6\x01\x13`\x05\xfa\xa6\x01\x15\x0e\x04\xb3\x05\x03\x8f\xa7\x01\x16" +
	"\xc0\x05\x04\xa5\xa7\x01\x18p\x03\xbd\xa7\x01\x14`\x05ѧ\x01\x16\xeb\x01\x05\f\x03\x02p\x03\xe7\xa7\x01\f`\x05\xe7\xa7\x01\f\x04\x02p\x03\xf3\xa7\x01\r`\x05\xf3\xa7\x01\r\x05\x02p\x03\x80\xa8\x01\x0e`\x05\x80\xa8\x01" +
	"\x0e\x06\x02p\x03\xde\x10\t`\x05\xde\x10\t\a\x02p\x03\xe7\x10\n`\x05\xe7\x10\n\b\x02p\x03\xf1\x10\v`\x05\xf1\x10\v\t\x02p\x03\xfc\x10\v`\x05\xfc\x10\v\n\x02p\x03\x87\x11\f`\x05\x87\x11\f\v\x02p" +
	"\x03\x93\x11\r`\x05\x93\x11\r\f\x02p\x03\xa0\x11\v`\x05\xa0\x11\v\r\x02p\x03\xab\x11\f`\x05\xab\x11\f\x0e\x02p\x03\xb7\x11\r`\x05\xb7\x11\r\x01\x00\x04\x01\x00\x04\xb5\x02\x01\x04\x01\a\x01\xde\x04\x04\xe2\x04\x04" +
	"\n\x03\r\x03\x10\x01\x11\x03\x14\x03\x17\x01\x18\x02\x1a\x01\x01\x00\x04\x1b\t\x01\x00\x04$\x06\x01\x00\x04*\x03\x01\x00\x04\x02-\n7\x17N\bV\n\x01\x00\x04\x01`\x05e\a\x01\x00\x04\x02l\x04\f\x03\x02p\x03\x8e\xa8" +
	"\x01\n`\x05\x8e\xa8\x01\n\x04\x02p\x03\x98\xa8\x01\v`\x05\x98\xa8\x01\v\x05\x02p\x03\xa3\xa8\x01\n`\x05\xa3\xa8\x01\n\x06\x02p\x03\xad\xa8\x01\v`\x05\xad\xa8\x01\v\a\x02p\x03\xb8\xa8\x01\n`\x05\xb8\xa8\x01\n" +
	"\b\x02p\x03¨\x01\v`\x05¨\x01\v\t\x02p\x03ͨ\x01\b`\x05ͨ\x01\b\n\x02p\x03ը\x01\t`\x05ը\x01\t\v\x02p\x03ި\x01\n`\x05ި\x01\n\f\x02p\x03\xe8\xa8\x01\v" +
	"`\x05\xe8\xa8\x01\v\r\x02p\x03\xf3\xa8\x01\x0f`\x05\xf3\xa8\x01\x0f\x0e\x02p\x03\x82\xa9\x01\x10`\x05\x82\xa9\x01\x10\xeb\x01\x05\f\x03\x02p\x03\x92\xa9\x01\v`\x05\x92\xa9\x01\v\x04\x02p\x03\x9d\xa9\x01\f`\x05\x9d\xa9" +
	"\x01\f\x05\x02p\x03\xa9\xa9\x01\v`\x05\xa9\xa9\x01\v\x06\x02p\x03\xb4\xa9\x01\f`\x05\xb4\xa9\x01\f\a\x02p\x03\xc0\xa9\x01\v`\x05\xc0\xa9\x01\v\b\x02p\x03˩\x01\f`\x05˩\x01\f\t\x02p\x03ש" +
	"\x01\t`\x05ש\x01\t\n\x02p\x03\xe0\xa9\x01\n`\x05\xe0\xa9\x01\n\v\x02p\x03\xea\xa9\x01\v`\x05\xea\xa9\x01\v\f\x02p\x03\xf5\xa9\x01\f`\x05\xf5\xa9\x01\f\r\x02p\x03\x81\xaa\x01\x10`\x05\x81\xaa\x01\x10" +
	"\x0e\x02p\x03\x91\xaa\x01\x11`\x05\x91\xaa\x01\x11\x01\x00\x04\x01\x00\x04\x04\x01\x05\x02\a\x01\b\x01\t\x01\xa2\xaa\x01\t\r\x03\x10\x01\x11\x03\x14\x03\x17\x01\x18\x02\x1a\x01\x01\x00\x04\x1b\t\x01\x00\x04$\x06\x01\x00\x04*\x03\x01" +
	"\x00\x04\x02-\n7\x17N\b\xd4\b\f\x01\x00\x04\x01`\x05e\a\x01\x00\x04\x02l\x04\f\x03\x02p\x03\xab\xaa\x01\x06`\x05\xab\xaa\x01\x06\x04\x02p\x03\xb1\xaa\x01\a`\x05\xb1\xaa\x01\a\x05\x02p\x03\xb8\xaa\x01\b`" +
	"\x05\xb8\xaa\x01\b\x06\x02p\x03\xa5\x1f\t`\x05\xa5\x1f\t\a\x02p\x03\x94(\n`\x05\x94(\n\b\x02p\x03\x9e(\v`\x05\x9e(\v\t\x02p\x03\xd2\x1f\n`\x05\xd2\x1f\n\n\x02p\x03\x975\v`\x05\x975" +
	"\v\v\x02p\x03\xae5\f`\x05\xae5\f\f\x02p\x03\xbe(\n`\x05\xbe(\n\r\x02p\x03\xc8(\v`\x05\xc8(\v\x0e\x02p\x03\xd3(\f`\x05\xd3(\f\xeb\x01\x05\f\x03\x02p\x03\xc0\xaa\x01\a`\x05\xc0" +
	"\xaa\x01\a\x04\x02p\x03Ǫ\x01\b`\x05Ǫ\x01\b\x05\x02p\x03Ϫ\x01\t`\x05Ϫ\x01\t\x06\x02p\x03\xd2\t\x06`\x05\xd2\t\x06\a\x02p\x03\xd8\t\a`\x05\xd8\t\a\b\x02p\x03\xdf\t\b`\x05" +
	"\xdf\t\b\t\x02p\x03\xe7\t\a`\x05\xe7\t\a\n\x02p\x03\xee\t\b`\x05\xee\t\b\v\x02p\x03\xf6\t\t`\x05\xf6\t\t\f\x02p\x03\xff\t\a`\x05\xff\t\a\r\x02p\x03\x86\n\b`\x05\x86\n\b\x0e" +
	"\x02p\x03\x8e\n\t`\x05\x8e\n\t\x01\x00\x04\x01\x00\x04\x04\x01\xb5\x02\x01\a\x01\b\x01\t\x01\n\x03\r\x03\x10\x01\t\x01\x14\x03\x17\x01\x18\x02\x1a\x01\x01\x00\x04\x1b\t\x01\x00\x04$\x06\x01\x00\x04*\x03\x01\x00\x04\x02-" +
	"\n\xd4\b\fN\b\xd4\b\f\x01\x00\x04\x01`\x05e\a\x01\x00\x04\x02l\x04\f\x03\x01`\x05ت\x01\b\x04\x01`\x05\xe0\xaa\x01\t\x05\x01`\x05\xe9\xaa\x01\n\x06\x01`\x05\xf3\xaa\x01\t\a\x01`\x05\xfc\xaa\x01\n" +
	"\b\x01`\x05\x86\xab\x01\v\t\x01`\x05\x91\xab\x01\x06\n\x01`\x05\x97\xab\x01\a\v\x01`\x05\x9e\xab\x01\b\f\x01`\x05\xa6\xab\x01\r\r\x01`\x05\xb3\xab\x01\x0e\x0e\x01`\x05\xc1\xab\x01\x0f\xeb\x01\x05\f\x03\x01`\x05" +
	"Ы\x01\x04\x04\x01`\x05ԫ\x01\x05\x05\x01`\x05٫\x01\x06\x06\x01`\x05߫\x01\x05\a\x01`\x05\xe4\xab\x01\x06\b\x01`\x05\xea\xab\x01\a\t\x01`\x05\xa36\x04\n\x01`\x05\xa76\x05\v\x01`\x05\xac6" +
	"\x06\f\x01`\x05\xf1\xab\x01\x05\r\x01`\x05\xf6\xab\x01\x06\x0e\x01`\x05\xfc\xab\x01\a\x01\x00\x04\x01\x00\x04\xb5\x02\x01\x04\x01\a\x01\b\x01\t\x01\n\x03\r\x03\x10\x01\t\x01\x14\x03\x17\x01\x18\x02\x1a\x01\x01\x00\x04\x1b\t\x01" +
	"\x00\x04$\x06\x01\x00\x04*\x03\x01\x00\x04\x02-\n7\x17N\bV\n\x01\x00\x04\x01`\x05\xc7L\x06\x01\x00\x04\x02l\x04\f\x03\x01`\x05\xc5\"\x01\x04\x01`\x05\xcdL\x04\x05\x01`\x05\xd1L\x05\x06\x01`\x05\xd6L" +
	"\x06\a\x01`\x05\xdcL\a\b\x01`\x05\x83\xac\x01\x04\t\x01`\x05\x87\xac\x01\x05\n\x01`\x05\x8c\xac\x01\x06\v\x01`\x05\x92\xac\x01\a\f\x01`\x05\x99\xac\x01\a\r\x01`\x05\xa0\xac\x01\b\x0e\x01`\x05\xa8\xac\x01\t" +
	"\xeb\x01\x05\f\x03\x01`\x05\xc5\"\x01\x04\x01`\x05\xcdL\x04\x05\x01`\x05\xd1L\x05\x06\x01`\x05\xd6L\x06\a\x01`\x05\xdcL\a\b\x01`\x05\x83\xac\x01\x04\t\x01`\x05\x87\xac\x01\x05\n\x01`\x05\x8c\xac\x01\x06\v" +
	"\x01`\x05\x92\xac\x01\a\f\x01`\x05\x99\xac\x01\a\r\x01`\x05\xa0\xac\x01\b\x0e\x01`\x05\xa8\xac\x01\t\x01\x00\x04\x01\x00\x04\xb5\x02\x01\x04\x01\a\x01\b\x01\t\x01\n\x03\r\x03\x10\x01\t\x01\x14\x03\x17\x01\x18\x02\x1a\x01" +
	"\x01\x00\x04\x1b\t\x01\x00\x04$\x06\x01\x00\x04*\x03\x01\x00\x04\x02-\n7\x17N\bV\n\x01\x00\x04\x01`\x05\xc7L\x06\x01\x00\x04\x02l\x04\f\x03\x01`\x05\xc5\"\x01\x04\x01`\x05\xcdL\x04\x05\x01`\x05\xd1L\x05" +
	"\x06\x01`\x05\xd6L\x06\a\x01`\x05\xdcL\a\b\x01`\x05\x83\xac\x01\x04\t\x01`\x05\x87\xac\x01\x05\n\x01`\x05\x8c\xac\x01\x06\v\x01`\x05\x92\xac\x01\a\f\x01`\x05\x99\xac\x01\a\r\x01`\x05\xa0\xac\x01\b\x0e\x01" +
	"`\x05\xa8\xac\x01\t\xeb\x01\x05\f\x03\x01`\x05\xc5\"\x01\x04\x01`\x05\xcdL\x04\x05\x01`\x05\xd1L\x05\x06\x01`\x05\xd6L\x06\a\x01`\x05\xdcL\a\b\x01`\x05\x83\xac\x01\x04\t\x01`\x05\x87\xac\x01\x05\n\x01`" +
	"\x05\x8c\xac\x01\x06\v\x01`\x05\x92\xac\x01\a\f\x01`\x05\x99\xac\x01\a\r\x01`\x05\xa0\xac\x01\b\x0e\x01`\x05\xa8\xac\x01\t\x01\x00\x04\x01\x00\x04\xb5\x02\x01\x04\x01\a\x01\b\x01\t\x01\xb1\xac\x01\t\r\x03\x10\x01\t\x01" +
	"\x14\x03\x17\x01\x18\x02\x1a\x01\x01\x00\x04\x1b\t\x01\x00\x04$\x06\x01\x00\x04*\x03\x01\x00\x04\x02-\n7\x17N\bV\n\x01\x00\x04\x01`\x05e\a\x01\x00\x04\x02l\x04\f\x03\x01`\x05\xc5\"\x01\x04\x01`\x05\xba\xac\x01" +
	"\x04\x05\x01`\x05\xbe\xac\x01\x05\x06\x01`\x05ì\x01\x06\a\x01`\x05ɬ\x01\a\b\x01`\x05\xe3L\x04\t\x01`\x05\xe7L\x05\n\x01`\x05\xecL\x06\v\x01`\x05\xf2L\a\f\x01`\x05\xf9L\x04\r\x01`\x05" +
	"\xfdL\x05\x0e\x01`\x05\x82M\x06\xeb\x01\x05\f\x03\x01`\x05\xc5\"\x01\x04\x01`\x05\xba\xac\x01\x04\x05\x01`\x05\xbe\xac\x01\x05\x06\x01`\x05ì\x01\x06\a\x01`\x05ɬ\x01\a\b\x01`\x05\xe3L\x04\t\x01`\x05" +
	"\xe7L\x05\n\x01`\x05\xecL\x06\v\x01`\x05\xf2L\a\f\x01`\x05\xf9L\x04\r\x01`\x05\xfdL\x05\x0e\x01`\x05\x82M\x06\x01\x00\x04\x01\x00\x04\xb5\x02\x01\x04\x01\a\x01\b\x01\t\x01\xb1\xac\x01\t\r\x03\x10\x01\t" +
	"\x01\x14\x03\x17\x01\x18\x02\x1a\x01\x01\x00\x04\x1b\t\x01\x00\x04$\x06\x01\x00\x04*\x03\x01\x00\x04\x02-\n7\x17N\bV\n\x01\x00\x04\x01`\x05e\a\x01\x00\x04\x02l\x04\f\x03\x01`\x05\xc9\t\x02\x04\x01`\x05\xcb\t" +
	"\x03\x05\x01`\x05\xce\t\x04\x06\x01`\x05\xf3\x1e\x02\a\x01`\x05\xf5\x1e\x03\b\x01`\x05\xf8\x1e\x04\t\x01`\x05\xfc\x1e\x02\n\x01`\x05\xfe\x1e\x03\v\x01`\x05\x81\x1f\x04\f\x01`\x05\x85\x1f\x02\r\x01`\x05\x87\x1f\x03" +
	"\x0e\x01`\x05\xe4\x1e\x04\xeb\x01\x05\f\x03\x01`\x05\xc9\t\x02\x04\x01`\x05\xcb\t\x03\x05\x01`\x05\xce\t\x04\x06\x01`\x05\xf3\x1e\x02\a\x01`\x05\xf5\x1e\x03\b\x01`\x05\xf8\x1e\x04\t\x01`\x05\xfc\x1e\x02\n\x01`\x05" +
	"\xfe\x1e\x03\v\x01`\x05\x81\x1f\x04\f\x01`\x05\x85\x1f\x02\r\x01`\x05\x87\x1f\x03\x0e\x01`\x05\xe4\x1e\x04" +
	""

const _numberSupportedBlob = "" +
	"VЬ\x01\x02Ҭ\x01\x02Ԭ\x01\x02֬\x01\x05۬\x01\x05\xe0\xac\x01\x02\xe2\xac\x01\x02\xe4\xac\x01\x02\xe6\xac\x01\x02\xe8\xac\x01\x05\xed\xac\x01\x02\xef\xac\x01\x02\xf1\xac\x01\x02\xf3\xac\x01\x02\xf5\xac\x01\x02\xf7\xac\x01" +
	"\x05\xfc\xac\x01\x02\xfe\xac\x01\x02\x80\xad\x01\x05\x85\xad\x01\x05\x8a\xad\x01\x05\x8f\xad\x01\x02\x91\xad\x01\x06\x97\xad\x01\x05\x9c\xad\x01\x02\x9e\xad\x01\x02\xa0\xad\x01\x02\xa2\xad\x01\x02\xa4\xad\x01\x03\xa7\xad\x01\x02\xa9\xad\x01\x05\xae\xad\x01" +
	"\x02\xb0\xad\x01\x02\xb2\xad\x01\x02\xb4\xad\x01\x02\xb6\xad\x01\x02\xb8\xad\x01\x02\xba\xad\x01\x02\xbc\xad\x01\x02\xbe\xad\x01\x02\xc0\xad\x01\x02\u00ad\x01\x02ĭ\x01\x02ƭ\x01\x02ȭ\x01\x02ʭ\x01\x02̭\x01\x02έ\x01" +
	"\x02Э\x01\x02ҭ\x01\x02ԭ\x01\x02֭\x01\x02ح\x01\x02ڭ\x01\x02ܭ\x01\x02ޭ\x01\x02\xe0\xad\x01\x02\xe2\xad\x01\x02\xe4\xad\x01\x02\xe6\xad\x01\x02\xe8\xad\x01\x02\xea\xad\x01\x02\xec\xad\x01\x02\xee\xad\x01" +
	"\x02\xf0\xad\x01\x05\xf5\xad\x01\x02\xf7\xad\x01\x02\xf9\xad\x01\x02\xfb\xad\x01\x02\xfd\xad\x01\x02\xff\xad\x01\x02\x81\xae\x01\x02\x83\xae\x01\x02\x85\xae\x01\x02\x87\xae\x01\x02\x89\xae\x01\x02\x8b\xae\x01\x02\x8d\xae\x01\x02\x8f\xae\x01\x02\x91\xae\x01" +
	"\x02\x93\xae\x01\x02\x95\xae\x01\x02\x97\xae\x01\x02\x99\xae\x01\a\xa0\xae\x01\a\xa7\xae\x01\n" +
	""

const _numberingSystemBlob = "" +
	"\x06\xab\b\x04\xf2,\a\x92\x15\x04\xcep\x04\x00\x04\xa6s\x04" +
	""
